0014fdb3625079de4a0d2131fd860641	0.0
002d78ebb7c8b708b909e830224f59bf	0.0
003046f5a800661b49ed10a9ea98933c	0.0
0032af1bc55f8b2b69d7ec801df610f5	0.0
003694b0c10eb020481a2b41461263aa	0.0
0046866c3175830bcf76a1f7bfd28569	0.0
006ab1fe217e47600f6cb87d8d26ad70	0.0
0075ae9d84bdc92f1392faddd13c6af6	0.0
009057f2803b308ac3eaeddef1b60f33	0.0
00b7c66af68be34865510e43f30a427a	0.0
00bfb92566cb0450cd6b1569364f39c6	0.0
010d3782797a5d9424da3b37e5193784	0.0
015759469509925c14e269ddbb41d237	0.0
0160cca09a12ad1b394943093308100d	0.0
01624e5138918bfcc8a45e61c527f09b	0.0
019ed9b927a5502c38ff4cc69b46725f	0.0
02108914d0b3cc2666dc5369ce593a77	0.0
022bf11aee1c109e0feaa6c7a9087f54	0.0
023dbc6ca70ac3e2ecb1aac1369fea68	0.0
0268b484813c0668beeb086916680bf6	0.0
026faee4e5b3cfd548ee2da78a17f1e7	0.0
027c478b2738f921158850471600f173	0.0
028fdc62762f4e854b54ad34f5d0e18b	0.0
02944f8451bfc43ee94844e17b8d13fd	0.0
029abe28bcd7283e5f1d1e60c592a0cc	0.0
02cdb65db1abcad25f3415b6b9519ed9	0.0
02d066f77eeb3c4c40b426a4458a4ff6	0.0
02d84cbb386134e2b4c3436d14db9f9e	0.0
0319e9b3174a686f02b7ddf2b252188d	0.0
0324cad80489c0b3efedabbf588f7204	0.0
03402c4a4020fd82c5afd6acfa2e015c	0.0
036a8fe5c02ec99addcfbd6a700559c0	0.0
036c13d830041849f6db7458069f3b0d	0.0
037c36b66362dae616131a2cad90ae8b	0.0
03da10d2e6da2af5b35ea8d5bdb0e2b5	0.0
03fdf94314bd2b7aa386befdc96c3459	0.0
04098b71fbe60bd4faca976a12235b8b	0.0
041adfcf42dd9c02ff8feddb467ee1e3	0.0
041d63e2b227b0fdabb5fa7ef400d4d8	0.0
043a2b6e172978b2d498dea7a36b9373	0.0
04412fbc730c5f90c4026241913b5fc7	0.0
0450ad8e625fa36713dbc3e2dad8b416	0.0
048299fb61cfa97bd12549b56ba92308	0.0
04a05a65d293fa7b194da4d6dd022c87	0.0
04cb1905667e8bae2411b898efc92f6a	0.0
04e48b631e5b62acb6f482bbf36617bd	0.0
04fd6037399ec6bc1ef81ea038fc3e01	0.0
0500374e24dbff39d372acc0ca054bec	0.0
051bac677e61fa77bfc606d21b96659d	0.0
05248d8a6ee090647989a5ca36e20361	0.0
0554c3b4643efa56b5492060630f0595	0.0
05a6fea99df7333a122bdec7283794d9	0.0
05b1e12cf83880fe032de73e6f8e0861	0.0
05be3042d6ec8d665a13261cb06774c4	0.0
05c92318ffbf165365702a863459e0c2	1.0
05dccb7ce0d2cdbb064337f590c9fcdf	0.0
06013b1c3d50c3725f8534ff0c4fa429	0.0
060223610d3a913c1564d8b91fd818ed	0.0
06195ebbd0342ae50fc9536a20e5fe77	0.0
0687c39e6347b8b78f1b506703850928	0.0
06ab04d49d69184ede06b98ddd841051	0.0
06bef3cc2d52e6a79b9201e471d4b31b	0.0
06cafa883f9ee5779b9776f4e0540bcd	0.0
06f5a02c04b59ecfe54ce74c23917677	0.0
0721bb4f1912df6de117ae332ce98986	0.0
07310c6992c1e4a16b56915fe972d3e7	0.0
0749390f4f040e4c036ee032e3ec8449	0.0
07587e415b1a18eb50da161da0e847af	0.0
077398e845a0302c65ded495cc6e15d6	0.0
0773c45e6ccc5c5d86a66475ca9d4596	0.0
07759e09baf343ce5766b944c251c2e1	0.0
078a9b9e9140d622b8867917396bd3d9	0.0
0799fd52e8839f026e3c6ad7c9e4e033	0.0
07a9c1cf8603bd7dfd2b51a99e62c348	0.0
07b6f3c86f72c4787fc59b778c639e13	0.0
07d181211ba4cc46ed1c3ae1e23524d6	0.0
07d919787f7040cfca012393988f7134	0.0
07dad5f6ef5c6ba0cff77b26e0b996e4	0.0
07deed4acbac53bc525d1ce412e8c21f	0.0
07e2ff4f75927af9a17957434847aaa0	0.0
08152a386384a944f5b7603b314251f6	0.0
0869c2dc605e7e355712da03bd93ce43	0.0
08a66433a8a1931f2d9507d5b34ac929	0.0
08e25bec398924ae87d651a8a7dc7573	0.0
08e8777d14e22987ca158cac91b17fc2	0.0
08ed7d3759d80d6c96be5a7bddf55c91	1.0
08f2722ac57ddc3e918171facc8f2e38	0.0
0908bdb273027891b735a2e05912cf4a	0.0
0917681db897158d2c722d908a973e45	0.0
094ab62ec74c32d8b303d14bdb32d537	0.0
097186e4e61827f7c71af28f5093dddc	0.0
0978aea497bc875eee9b18100592ed9d	0.0
0982e31bc5b88fc1b0ab63f4e65882e8	0.0
099c276d5dbe50fa288fbb46301f5e55	0.0
099ce8922e8d6031a8702644ab2b1a67	0.0
09bb578d02268fb8581eeeea2a38d51a	0.0
09c430acb4cdec5b133d57a30cfb96ae	0.0
09dcc6ff1c51ef39c55abe6c5e8d1fe7	0.0
09ec6c5ac5428419cbf51b2bf9c4f1e8	0.0
09fe51b0e8632be035bb44e6c1f85323	0.0
0a032d6d229dadafbff96a8d3edc429a	0.0
0a2685f9852fa0094dc76c2915ebf73b	0.0
0a42e5205492ab01bf570ffaef84ab06	0.0
0a4bbda3c3dea59c5d2d9cdd7189fe5c	0.0
0a65949a3495a5c8692d8c3de3cf2d31	0.0
0aa23950569250ca67083027b24d5fc1	0.0
0aadb28ca5959e4e17959da2d3583279	0.0
0ac70161526fb5d42bc045f1c08863f8	0.0
0af6d7d3a549f6be1793512e4e060fa7	0.0
0af922f9b43da8504945b92ebbe17e72	0.0
0b490a613496822e2c07ee175c6d3675	0.0
0b5bc35075d31fc8ee2de44827b52cf8	0.0
0b64afaf042e59ee8a1ba4f31a3ff0a6	0.0
0b7384fa921015d46698749a05f56d76	0.0
0b8b64526fb55717b6e5cfcf928dc42c	0.0
0b8d085feb76571aba14e77cc2fc8ad1	0.0
0b9bca01fa04e5a67434f2eb21099821	0.0
0bc758c0aba772a5101288e59b926f0a	0.0
0bdece215f678101aaf9b6cc86f55951	0.0
0c2264a20b3777c55cc223b8b7a94c11	0.0
0c355920b66603bd426f83534ea17030	0.0
0c38189aef58b0d1b499aeb9efb6c6e4	0.0
0c474a4a68b6f8c6fdb6d0f5a3e47950	0.0
0c7f869c79615e20d912524d26ea4472	0.0
0c8999b72724bd8c485393a7a0ad2511	0.0
0c98b05bfb0434249c23d6ecd7aaaa89	0.0
0cd3410b0410bf7b099f8f472fcbae9d	0.0
0cdc98689a885038502873911fa39695	0.0
0d02721611ebb07b4adf7b5cbbf06757	0.0
0d0ef89853f03a8441d842d077c63392	0.0
0d2409b23f96506d67f9ef005b987ffc	0.0
0d28bf54cc2667b266fd8c2ffec2bfae	0.0
0d28efb10e4be08823f63dc8cda66a9e	0.0
0d3640f235d082d59738c734dc8105de	0.0
0dff31442026506edad5ba1d16ba84ca	0.0
0e5ebcd08d989f9bbcbfbaf822031ee7	0.0
0e7677c00bdc749fe32acc488bbf5207	0.0
0e94cbdec5b4affd92cb7422f743f0eb	0.0
0e97e9df8ba30a1ade2edf048b36075f	0.0
0ea250a38172e11cc49e41bd4a1fe4e7	0.0
0eaf8b0e08a7215d123c13340c8fea08	0.0
0ed34b4b2ff5ed6e1723b972bf195e60	0.0
0ee7c2cb4c9fe0635df05249a19da77f	0.0
0eeabe4966edd60c5fb5335b40784de2	0.0
0eee9d3152dccf4f66a517623dc1ca60	0.0
0ef5b42a13ad90b93f793849f75f676a	0.0
0ef7b646356aeba4cd495f3cbfb1a347	0.0
0f10c6735d72355117c2f137aabf06b2	0.0
0f1d336f562a5f8a4fe2678bd2f6eb51	0.0
0f56f9f21fc07264e6f124bfa684ad4a	0.0
0f5b7c807b6a59741e8b05aa95f1907f	0.0
0f6c0d2573c502c8f0677c1f112a07df	0.0
0f7caa6d086b9909d98d9682c4a24f49	0.0
0f892bec93a94bd754bde43d77372cd8	0.0
0fa85a406966421f7858b368fab0eb4f	0.0
0fad70794b9bea6ee86b5029021b848d	0.0
0faf2639bf3e04192cbaf86f7a5d5e91	0.0
100b2343ccfb4f459bce64a7a7e77585	0.0
100bc4708e9e21734d74ab8160886f65	0.0
101ded5caaf1bd12db87627e1c66fb24	0.0
1070e8c9187fa5c4d7a96d308b638c8d	0.0
10742963fefa198d09821313eda8899f	0.0
108a8cb3d407406035ddc61a09a7b6e9	0.0
108be44e7f06e54aecb4e3da6c04931b	0.0
108e07ba550c1eb2e764438e38dbc8bb	0.0
10ac831b3c49a5ba1c1ad2c8654ead9e	0.0
10c0bff3373331347914d8f4910ce28a	0.0
10ce624d1f9eb93ceb5cd86b13014a2e	0.0
10da2896d26adaae6956e32f70df5582	0.0
10e214490cd4dc2727984cad2f755e0f	0.0
10f5fbc89b62b7aab291e4da902a1626	0.0
1100f5d360ad35e8b1e450c2c2d1c2af	0.0
111e97851c71da137ed7b491dab300a2	0.0
1129ca87843bc94dd02dd8d9d7370712	0.0
113816ce451d53c4168597235ff62fd8	0.0
113b70596c7da7d71d30d8d5f2c0f2ed	0.0
115dc3c380c82b852500b5eccba768b0	0.0
119074b24d92d83b1129b0553b983fae	0.0
11d6bd4d72a0c155ee75210ed75de160	0.0
11e52e947d8f64bbbf5e7e709d1628f6	0.0
11ed168efc260d81810cfdfcf8521df8	0.0
11f5318f98c5c5ae289f75e4b96be82f	0.0
12949ca7c6142d295134ca805e870c86	0.0
129c59a5d69dfbc7230881d172b459fa	0.0
12f8c43f17f031ec2d3c11d33c709461	0.0
131d12b76730052c6b0b4998e9a7a618	0.0
1336b5e7cf9febe172d7e4381edd0128	0.0
133b1eab8444214199ac5543039802de	0.0
13cb4dddccfb6466de08a9d4f384d16d	0.0
13f30f0614953649c029780d1c8bd926	0.0
13faab353e4d713eff16d839679f9ca5	0.0
1423a72a378e9fc0a39f728c601d979b	0.0
142b68127056ad5cffccd0bfc2d9b888	0.0
143e1884ff3e04371f7b237a58ab0bc5	0.0
144eb56ed1a198f8e070c402be1eb067	0.0
146f587becbbe19ba19c8fcea1ea4dc6	0.0
146ff2ea3b4cb8f3b27538f4a5a49209	0.0
149ed321ffdfbbeced6aa0cd7a5e46ea	0.0
151071d034dba66789edb82b4212aaa7	0.0
152eee79bfefee9deeb357b1615b9c97	0.0
153b9f629b88e90b51dddfe5bf46aa5a	0.0
1546bcf47d942aca0e5e04f97d93d3fe	0.0
1617229996c61d71a5223f7364bc671a	0.0
16481ec7c7a3a25947d47a82241c00fd	0.0
1658b58a4f6ec3f59c924ccd38863b41	0.0
1687229cc4afdb0360c734688d4c3ead	0.0
16afe5493d20557112c008ec94d210f7	0.0
16e8e3dd29fbb9ffe4734f89e86ae94d	0.0
16f2370da201bc8fec0f21ec9d57eb59	0.0
1719c402ecb0d286d85136a7b17a2ee5	0.0
17239d83d0bc166f39348a7262ea00ba	0.0
172c6e3c57da360a2cb1859606d43864	0.0
172fee9db101b1379059fbbd9cdd6fc2	0.0
17391b69cd899e3f8c44ec8e6355d359	0.0
17573b0795b5f1e853168064d34b6a8f	0.0
177a9f1cd19c7595cd407cb1d5cb74c7	0.0
178900f15e86f50fa4abbd74919b14c4	0.0
178eee573fcf793882a3a098d11651d9	0.0
17d1357f7888c5168510785c711c5ee7	0.0
17ddec830c11dea36170a06a9398b616	0.0
17e6218c7ccbf38b9680a13f149ae472	0.0
17f0e896535402bcd99a136a49580990	0.0
17fdad72c5e695ed54550aa425f6f5fe	0.0
18052cc1dd7bebcfdce727118627e522	0.0
182de8fa194882fd203924151f734d9a	0.0
182fb370fdeca8aca546089e065cce4d	0.0
184243b83daca1631b5adcdafb64af4e	0.0
18552869d301b0fb74576411ae2452ce	0.0
1855b254a237f7d02f01dade4697e83d	0.0
1865227dacbc718730064c1c72473e58	0.0
1878d6ca2ebb43e13bf3dd4459e5ccb1	0.0
187cb42cf1eee47a0774bf42724b950d	0.0
18e7cae7e454dabc84e428a2d64ffac0	0.0
1926ee415ece27ae28fdb8bfd63ccb8b	0.0
194c367ebd210f3598adcd8e185e8e79	0.0
1953b32805ebdea8273e4f1fd17339cd	0.0
195c5d0926cfe2de19fb3b5b14c7dd6c	0.0
1968daf845db48e2f248f6b0abd600bd	0.0
196bb62982b3ebbcde1522400e30347d	0.0
19794d5f41c0c60ce207c35b85ce6b6c	0.0
197b8b7f499ec19f2b3c6f2c085ebbe4	0.0
1980392f48e78f09db43adb30b0166e0	0.0
19a20cc5be81e8f2d9d2a4c4e7e766e7	0.0
19b5c5eb2406b620de17e896814f0d9e	0.0
19c36d1499dcc741cd3a4c722fd4f79d	0.0
19d2dcbc425a2dc8154e45c48fe812e9	0.0
19f09b1b77f48f88c20f65a40311d1e2	0.0
19f8d718e9d49d81e13f7d378b6a0bc1	0.0
19fe132e0f9694d4c4dd3067ab87def4	0.0
1a05b003c1f801da894142c0ccae7cd3	0.0
1a15ed488d1a5b9df2c4b61d70370033	0.0
1a1e3806d90b342baf2a4e9569be48a9	0.0
1a1f8f77829262b28a7edf2718cde222	0.0
1a207279d2a6b4ec3512a1742987656a	0.0
1a414c37b0598cf52c478bbb1c509436	0.0
1a4fe92ba65441500e5288193bf012ac	0.0
1a5abf9ed7596a242f7702381c7d6b68	0.0
1a763ee8d0acbd99de92b5f0d8dde335	0.0
1a772119a2048d0869d57b2a2f9633ce	0.0
1a861cae3ea7bf45ca5c48e7d5a8e0c5	0.0
1a89934455418e543de8506803bd6afc	0.0
1a9a3310f1188b1cc503cf4812d5f49f	0.0
1a9ecacb05d1d5259d14f5f31230a7df	0.0
1aa105547415c94f8a8d238c75e7a279	0.0
1ab82c664ed53b7205c99d17e8f6e943	0.0
1b1f3944002923e64b715e281b37c7cb	0.0
1b36e2a0b70ae831ba06db7ffb41e4e7	0.0
1b522d392cf8d326e2e16a2228a46176	0.0
1b6d8a1c9a95190025899ccf7e5a26ab	0.0
1ba552481bbfa4181e3e7c06f972422d	0.0
1bb5c08939945e2b962da74180e92bdb	0.0
1bca62f6e06925f2e20c984e845ec0ff	0.0
1bcf0a0caf50db635fd38c709b7ba8d7	0.0
1bff6ffd7e3483fd71540cf5034404f1	0.0
1c17088279abe88b7b466d4d8e7fff20	0.0
1c2443bac3ed7218255f3f08f318208a	0.0
1c27b5ce04bd2f9a13872fffb3417c68	1.0
1c2c4ee450e15427209ec4612f1ea3bc	0.0
1c61dcbd7d7c80c9e4180f5ae12ad743	0.0
1c7414e45bfe93158f75be19ee5a9f2b	0.0
1c75febe5c28452d4fdf34a1c6ab96e1	0.0
1c90ca3d2d8106889e3058acf558b2ea	0.0
1c9f1075a8a44c42daed1aa320576aef	0.0
1ca65aa5f176f90045f88a47d19d3798	0.0
1ce215a5890eaba2fdaaf6bbedad08c0	0.0
1cf1bb82bf873c0facf2d64411d98dce	0.0
1d14a3c2ea3a883ee0712231aec8e811	0.0
1d28c784f0a1b494f1249773b7770e30	0.0
1d53e19bd20cd1a696d0f636204e0dd4	0.0
1d8c932530c4d7c97bf7afa417df56af	0.0
1d98a8556c579a8b5fd9798ad1d4593f	0.0
1da614bc346ea3d744ffde7ded1068d6	0.0
1db3417ef7a09d18df08eb9574b55079	0.0
1e1d0a2486c51ca1815e2f70f1f30f08	0.0
1e3a57d480360644812346dbb4eec455	0.0
1ea8c7a19e9722415122f1a12ed8c849	0.0
1ec2c2031693b77114ac38223d64f930	0.0
1edd8804135fd360bcd9c6577bed8884	0.0
1ee9dd0323cc8495f966413f202d1423	0.0
1eed1735e315304993c54810fb95de71	0.0
1f070dcd199d436c6019167de30714e8	0.0
1f43c90f946151ad085323fef5c4d724	0.0
1f6762f3a281eed81db3c99944467506	0.0
1f6fca27bab2ca2bb08fe243da033f70	0.0
1f82e6403a3f90c3c92c9fba6570608f	0.0
1f84019fae66d8331df7f3ec84a14e82	0.0
1f860353e0753aea2afdcfb9df353a39	0.0
1f8d23df66b381387c0f9d19efbcd920	0.0
1f92fc214b9d7c1d183951ed26939a57	0.0
1f9bb0ca9c6bcd93fa0dfdb8d7aa12ca	0.0
1fa1918cdc633a39149a8795829e3266	0.0
1fa3a38f62110b1984ce478908496879	0.0
1ff4e627e95ee2e7f8ad6c97fa99fdf2	0.0
1fff1d81146f82909697ff4d6a06f0a9	0.0
20081d334f0df3c3a1bac9548db19293	0.0
2015311205cf55bc5cb5a63589b8efc5	0.0
201970aff893b4ba71e03da46528748a	0.0
201ceb9188fc47991a0bd416894e4c96	0.0
202111d17385a11dd57579634b5b80cc	0.0
20376aeca24fd9c938c15fe1974ca8d8	0.0
204d92db5cb7da5afd979e87af8e0f34	0.0
20a45a61e6f4ae208464721efdf223ee	0.0
20c314c15f1a67d1e0c642346c2e7a12	0.0
20d30cadb51d737ed66a80c4c7b0b3f5	0.0
20e217a31cc28190e6c00f7affcd06a6	0.0
20e7713d6f74d20a6973aa29865a65cf	0.0
20f28e859a2b0001b6ebbb010634bac9	0.0
20f6e3a9ede1bc429db1e53b9dbd3057	0.0
2138189013b4ca91d46652b5395813d0	0.0
21876af1b6e94e892c4cc37549a87f4c	0.0
21a95d07eac83bb201b980467011a768	0.0
221a74fb6d99004a5a1fcb6daebcae65	0.0
221c432d4620183b8023b703ab3cc51a	0.0
2221053161856f2b873d616876fd8d9d	0.0
2227f79fbb17cdb2b2ceb9f019e3cce8	0.0
2232343f3463ff58639f0cdc53fbf26f	0.0
2267aa5a9d03e472292d1506fb2cdb74	0.0
22a2812e654b6852c736b823dc4a9279	0.0
22b84f682ca0f23593baa0b31dd83cd3	0.0
22d88453419ef7e52ef0b2f3f20e2197	0.0
22dfb2370b6d940ac9183fdcd473c411	0.0
22fd518ce6621b5b4b61fd16825db3e6	0.0
23141948f0440168b5f461b85d16b733	0.0
233fc8671c0a80c7d73e528769a0679f	0.0
23c5d3e3378cc0d15571a50923ecce23	0.0
23c9d98ef880b6e0cd5ba584a70c99a9	0.0
23fc63a3bb68e56e572f51b6d048a108	0.0
2413db0939caad6c8d81c4017c889fc7	0.0
24599482c79ff36d2a508776def7428d	0.0
246a96dac20ee157081210f38ee7e4b1	0.0
2470eb47dbe9736ad0879157bfba67b0	0.0
247e2f814571070ec0e6f622efbdd925	0.0
24839ab3e3cff954a5dd6a7cd0f49156	0.0
24a8b5e0ae94c77c0a269242d603d235	0.0
24b2dcbf082077a860f6fa6188c7d943	0.0
24cb3d957ea2e3fd6f982bafc0ff02ac	0.0
250cf685baa742b7297a9e948a13552e	0.0
25437c772dc4f0312e31455f81b4071f	0.0
25575d0ff9de424675adcc2f766ae822	0.0
255c244ff6f43a24776aaad88e0a749e	0.0
258c19eb44274e1060eb83ca9661d6cd	0.0
25a157beb7bc12a985a28c4ef346d017	0.0
25a6f3e5215f031d8cc01f75a404deba	0.0
25dc61d490a45299fe7d435d14f2ba26	0.0
25dd9046506e0b9e3bbf92e3bc4dd135	0.0
260f09db953c032200b690ce5f70da35	0.0
263a9bf6d0c41904f631e765a3d41ce8	0.0
26662b7e6885072baba49e23924d505d	0.0
2686efbe0717117e22c32ff304569fa4	0.0
2688b0ff1651821c722c9a138874c539	0.0
268f013742e6bd0a3c3549a54bf9cdba	0.0
269ade52ccdf41421db3f052e1a96b60	0.0
26a78fc132ba89654c01898e577116b9	0.0
26b6ecad8521a0dd7a48c9bfbb9b689a	0.0
26b828b4c6b98e89c11991b36eebcbca	0.0
26c8c00e6e971cab42eddb118057239e	0.0
26fe29a1da73b01dccd2ca500229b557	0.0
271235dccfe2e16d712bf2a4d25e2595	0.0
271877379cdcd27262e310cc0f000b82	0.0
27203c7d7a499731d492728d8e739c31	0.0
27207006edc3fb95db4931933e6822a1	0.0
272ef13b5c921fdac49e7e85aac7a605	0.0
274672e236dc1a9a8e85f06d88f9cca3	0.0
27641994112d3ffb853b990ad7faa0c3	0.0
27912bb0fd571d59d2620b9962e80ce5	0.0
279fbc18f36da6f1d1e191f1dba1239e	0.0
27a65cf7a08ad5e185ac6c57352c5edf	0.0
27aaa20605385e661d6d59a4b1428da3	0.0
27bffbb9b16c82e1af8d466948a1ce4b	0.0
27c86588145193fae1e66129a85c3a6e	0.0
27e62a2de9bea523462480cc83120fed	0.0
27f2ad508bd377b7319c44c10f7b9aa5	0.0
282c4c3012c4ea0139b96fbb91f6746b	0.0
2849a9a22e88551fcee0a4bfb70a5303	0.0
2860ef1844d8eacd57a3bae31f9bed08	0.0
28673bd1b8e2ea35bbd8048f7ca306a0	0.0
2895a09b343df835da03e12fc761325a	0.0
2898562b27d8dfb3e706b44af0c4df4a	0.0
28d379f427bf31f77c78fb9e04177028	0.0
28fc1827f484842f832e306aecdbbb06	0.0
28fc86c86750231c5a96bdccdd897054	0.0
29167bbf77698ca44d8c1b6a3887c78a	0.0
2940fa00ff16558d72cb0f82f3d86531	0.0
294bdd1ac0b1c509a9791c8c12b5d4d5	0.0
29d1e9834119e29e7131c6e95d1d53f3	0.0
29dbabfc13489a5ee37b27ca1969ff52	0.0
29f4bc816039395aaad8d42f57b0871f	0.0
2a01671dae0f417df9afa908c46413c7	0.0
2a218c7e9241a2dc054484d185a79a6e	0.0
2a8f6c90f5ae917f580af07628321906	0.0
2a972259c4448bb7351e964f63a4c483	0.0
2a9855110d0f1b9d92f5d04b987f1b49	0.0
2aae2d4e46519ef8132afb1daa36d9aa	0.0
2ab8f1531b0bfb706dee31b8d7fe8f34	0.0
2abd0f1e53526b057310b544682e3e32	0.0
2ac297e016936f75201a8f741309a38b	0.0
2ae0f61c2bbadcc109c625d7213ee857	0.0
2aec6306627f24a6646fd0edc4255ea9	0.0
2afb82b03b459b809203b62a98c4399d	0.0
2b024f6ed5c746f841ed48658cb994d0	0.0
2b16bb633b4c07cfe358311951edaad1	0.0
2b289cfb27ac9b2a600d03aab0e99e2c	0.0
2b29231e739cb97df5dcc86b920143dc	0.0
2b39995f527464df2b3fbe83a8fff209	0.0
2b5a493d29991106b3c798a875c70210	0.0
2b805a90b104ee7b535c500b3dd4a3fc	0.0
2ba8460b843fdfa34b01aa9fe6918632	0.0
2bab5049c715b0a90896c8fddc1c8da5	0.0
2bbee2af5ab6467e245db5b48b70aee3	0.0
2beee7e00358c3a70bc3370c412130c7	0.0
2c20d95ec8b23c5c634cb9468b74a265	0.0
2c218e4ac27dbeda6b62e569ca5a1438	0.0
2c484d1076ad52de6ed1df271c3ba26d	0.0
2c556f01cfb72885dcdd88901d36d6e8	0.0
2c61629394cd4837753c3145d4558acd	0.0
2c6a710f0534be9cd7d6d8ab6ee41a64	0.0
2c7b491c169a537d9024aff13087abb6	0.0
2c86647b443631e8213a0013d3702620	0.0
2c877e04f4350fa55c765543251b551c	0.0
2c8fe5b0520c1b5abdebc3c49d1467f9	0.0
2c93723f2af017488eb16b26521113ee	0.0
2c962ecb74d41a2311fc505f4709941c	0.0
2c9bae2de3a175f33e8cfe761ffada2f	0.0
2cae9af9b0fc3cb8ec51f341da429604	0.0
2cf6a377025bc8b85ab1998a82e1d94f	0.0
2d0909d753f7a18b06a03310cb4b6a5b	0.0
2d0da71bdacb5567e7010018c5c4fd48	0.0
2d12a4b55ab3d15ec8dc70d210ad9bfa	0.0
2d1cf252c6be576ef7943cfd1c8532e0	0.0
2d4f846da9b7f13fc0abd313f89479e4	0.0
2d612f5db5821588602d7a67f2c50091	0.0
2d69dd827fc712ff1970e5644d3bbb6b	0.0
2d901f163104e9b9d906b057664eba49	0.0
2d998398adc925ffc721295e85f2b0f5	0.0
2ddbb88f32df5bb29f9ca5ac8e68e3db	0.0
2dea02cf018738d11bb52eff5e8fc9be	0.0
2dec624eee059981346b6dba7479fff3	0.0
2dfe20f87c4d1aa9d8be77fcc3d72972	0.0
2e03cda153d7f9b8f56b31e4840d3226	0.0
2e10e8279f9e35be595abeb3d02b58da	0.0
2e1498c595eaa086ced651ce5936db4a	0.0
2e58c8469a5dfc797dca3abd4364f717	0.0
2e5e37d4ce39891d423ae6d61ec05ca8	0.0
2e6e96d5b9919eec1e3fc05dcbaa820a	0.0
2e76b088b4f2900ddba1f5fa38780bf0	0.0
2e8f597e8fc366ad0b26c3b150ef43ec	0.0
2ec5d81a5da5df64a1dec0ac8f447303	0.0
2ed0651a0302c1b72f4bcd1b0ed5503e	0.0
2ef2a2ab5901c6abdbaf35a3294a406b	0.0
2efa3db2c9215173a76cf4df46fc87ea	0.0
2f1b0ff663a60e6d42eb74ae2882f1eb	0.0
2f1bdc0bef79d4c7e045bf45997532ac	0.0
2f30c053617fbe59ca582fe2cf8e5ca0	0.0
2f497d818f4e53f8c5fc9170dfe3ee73	0.0
2f6c51acc563a7a3a9e1521bf28451a4	0.0
2f7b88a49a1c0abe4122faa31b9c1dc5	0.0
2f9a44df7834f89c3a2a14361f02a5e4	0.0
2fa3fa0927e37a54cbdfedcbe03526f5	0.0
2fae279c6508cfe889f81b661b0c2d98	0.0
2fce9f7473f6f63a39a3055497e407e5	0.0
2ffa25ff2392eba6e5bdaf35897945b0	0.0
300bc342685f7c18e9a2ed45010fd8fb	0.0
301f913a36ff041283a401014afd6dd0	0.0
3030cd1ed91802deb9b691a51f3571a2	0.0
30491f886dede31cf68ad59bbc14735a	0.0
305bdf0b5698ffd3737af235682f4320	0.0
307cb45825f69d6cacce6e445bb7f21c	0.0
30ac9ae4628b4b90681208e166a4a774	0.0
30afb0475524894ccf8d137178bac27b	0.0
30c891e9bc58b1697f035608a5f29ba8	0.0
30ce6c39f06a96572196c4fda2c853f0	0.0
30d43f3a3500646409e896ccbce053db	0.0
30e4a4e6d2aaed72ebd11c65e99c54e0	0.0
310385c6a407eacdf8fca738df1e165c	0.0
310b96e8a6b2db65c5421e46d4e995ac	0.0
310fe08a007c0a442a23fa171b455e5b	0.0
3128a51ac7925980c666ecc6f8703315	0.0
315f72f3488b2a17563cc89bb56bfd51	0.0
31690ce9b6203a922549e68f5bccd935	0.0
31831e37992da7ddafc173fc0f4984a1	0.0
318ca0fa1305dd206bccbdf4dd7fc429	0.0
3207bbdf56e6bf52782f53929b1296b2	0.0
324c838ee378a56c813963f346b432bc	0.0
325ad43bdf6339ee9eb84dacd9a908e0	0.0
32a819f2d4a0bb63bd11a868b85b5a9f	0.0
32ab8678ffe2a7f3043f53c927928914	0.0
32da781ba37c99bc7cb352d7277b4ac1	0.0
32ec6868e61c43ef66df665d17aa3069	0.0
330b2071392b0633211a358ed8eb9de4	0.0
3322f13af8cf8c8d5dd16bf624225ea4	0.0
333807ffba9bd97a9cc1b67566ce6c5a	0.0
3352f09480e00b9944a6e638d7457c02	0.0
335e860bf22c751fe9c48ef934b70d1f	0.0
335ef2694aebeeb2df585abef1023250	0.0
33706fd9063c7390fab7b0e88e61d689	0.0
3386c41de8f4eab86ae1267ab74a2478	0.0
33b180044ab3c16faf29816a185a852c	0.0
33bb23879d6081120802fb8a90ef3e81	0.0
33bd88c014951ae6785ad967d8cd6fe0	0.0
33e96078aac2f9b9d944f90020824bc5	0.0
33eed3113e4295d2e188835bcc3d4db6	0.0
34288d792392109fea8d373eb0ae1c44	0.0
34ae079aabf8a8cebe413ba14ca72964	0.0
34bbeef10859f67a34dbc8457eeb74b9	0.0
34bea44e4294be51edfcb5bb23c10e8d	0.0
35263220ce9cf90b4f334587bd56c281	0.0
35308afa69cfac7d13289c9d97620696	0.0
355408bff0f40a2e1ce619bc1c847ef7	0.0
35723c82a2a4ec02dcda0c38336bf21b	0.0
358c82c5f58b7bd5b64b10feaf50e4d1	0.0
35929116b216c5fe2cbff4ed107de525	0.0
35bfeddc99d6e68e2247a62fc2d29597	0.0
35d1471a10e4cee148f6e34c62183531	0.0
35e1f47607196c37e3bf380c528ec5c4	0.0
3669eae1bb0d5d244526a5434c66cc38	0.0
367d998bf512d74bfded120ac75acdba	0.0
36a211dd37653b2775b4de26cf88f14c	0.0
36bce6368e746f90fc739e4207cf12d9	0.0
36c48955d167d82275f2039eaa5dc293	0.0
36c652bd2c504a4a296d697044ec8fb7	0.0
36e016e2f3be46eff94f94810fabcfad	0.0
36e5144035cfd8495185435caf70f6d7	0.0
3757afb08210d6004a317684fdabb966	0.0
3774ff4f2adeb791f499727a79e16270	0.0
377f088d18dc478d521cfd40a5d566be	0.0
3785fc07f096ceec8d681af63417584c	0.0
378a0635f37dce5a76a49cb68aebbe37	0.0
3799124ddeea45ec8765ac5cf68997c6	0.0
379ec0f1985d7fcf7bbaa3c4b8b3d607	0.0
37ab37ed84ec7ed426d849bc0e76b5d6	0.0
37cec8ee62e1c675a61057eb3973034a	0.0
3812cfadf40d6380d447f1a0b923f7cd	0.0
381e9db8cd955023869c8a41910d1353	0.0
38377a7ce0d39b3d2d80057f1906dc28	0.0
385c6d01fd6a9e870d707376d1d3cf29	0.0
3898f58ef70e590ec1c768bee73ef095	0.0
38a7956160e9e0325d4ed1371e965ded	0.0
38a811ac2e3e556400d9b311ae6bf14b	0.0
38affad1e758dfd7071efa33f074f369	0.0
38fb13dead11a34c72042219499d6eb4	0.0
39234648b8ee9c2d8bad90f412adda4e	0.0
3968efd87dab1f6dbf6dd009df25f692	0.0
39802995c8cc13f7931101a5bb801b9f	0.0
398acc4865e10c06fd678822f32174f6	0.0
399a1888598fea65869a6e8b95da580c	0.0
399c340728832155ff85bcafe98cfa66	0.0
39a96f6e54872829227a4bef5aaf67e9	0.0
39faaafb37cb7d078b5ce42540c3b31f	0.0
39fd8d21a0f428cce33b188c6157ef8e	0.0
3a30c12e4da0f504ae6fca16e5831435	0.0
3a337284e346f0071343457ba309d551	0.0
3a4ccb5f28f29c3c1a6e65124a504813	0.0
3a74fe91a84478dc905771c87888a7b9	0.0
3a75446019f771552995c7d0caf146f6	0.0
3a7d061c6695dd9fc616c7f37644a396	0.0
3a7e2f138a00ed7beb9064fb3bcc6522	0.0
3a81cf5c4ede6c471299dc71f86cf407	0.0
3a90df3ed2e9d1eeff14c603fbe39139	0.0
3a913c84ea97636b0748d6ae83c37b2a	0.0
3aa0c91dd0a7bcaa9536768183249c8b	0.0
3af060e94c642dbd791ab8b3af586c84	0.0
3b002eb67842265fee0d7735ced09ff5	0.0
3b365ee3f6854c6e55b9d6b07eadef9d	0.0
3b37b04cbaca03ea37ad926de9829023	0.0
3b3a569271e7b1859e2d93fe0c43943f	0.0
3b45c7139d1a9c4519894ccf6bd37d85	0.0
3b58f1ed9353d0437212d7f0512915dd	0.0
3b5a1d7fd056938e38b4eb1e516640de	0.0
3b848c833e85ed0adcc713a5bfc9df24	0.0
3b860520f9264552d36fe639645ecf9b	0.0
3b917d899f8d1032a4a536cd545edabc	0.0
3bc01e9c77b9e7a4011264df3eae344e	0.0
3bd132a484436e2f81eebb687a3d3060	0.0
3bf5e5c87999a50c9d11da63b4db2c06	0.0
3c0f4b98224fb555c9f270274a8488d2	0.0
3c844eb393ff757514f61356aabdda0c	0.0
3cb28c85cc1cf6de6eb0cc56b0387d9f	0.0
3cc138f5f77cbdc80856a4a74b5a8ddd	0.0
3ce35dea2abb33cd3f64eae0873ccd9a	0.0
3cf76b40f72a6c9418a4fcdb8c8c600b	0.0
3d0155fdfe3465ad1f11365e94971c7e	0.0
3d122b261c7b6a8121facdc02842a545	0.0
3d6845e3c0cae00265adc1e5051ae81b	0.0
3d839822e364c9f39b53f71d2fe54003	0.0
3d9985c6c511a6793b319de996ed7615	0.0
3dae5140658a1daa404be9a1e72b2aa3	0.0
3e007773823729da3bec8dcbdf622501	0.0
3e0431440dc8228fe3a432619b3bc924	0.0
3e0eab7b9c757e81cc1cfbc442fc7842	0.0
3e1e63ea91e1d3a43885f66f22f939dd	0.0
3e26b6271c9508f938818f40099c295a	0.0
3e4d74af2ece14f12de0f99294d96a33	0.0
3e4e58406f4c0c10c808049e947642a8	0.0
3ea569f87bdf21e6d2ac04ad09d0f87a	0.0
3eac2b9e136d4b18e0b1f350567b882f	0.0
3ebd9949d26d5225ff59c7f13ebaa55d	0.0
3ec084e961e57f49affc71615a6721c4	0.0
3ed6705f4c5143d649e54b0ceeae7aee	0.0
3edbac63fa6eddd15fdbe9276808bf5e	0.0
3edd6135ee514f9a63f5ea7735ae8591	0.0
3ee397b03bff56dd0dcd6047a9b50f04	0.0
3f2a065b47eee3995d219717fcf7c659	0.0
3f5dd4e8bfa88c2f10c58efba199c560	0.0
3f6a4df62aec09acd9f9c353d7d572ad	0.0
3f815fddca139e770f5766c951c57605	0.0
3f930474a2963cdbc415d263fcde617d	0.0
3fcd01e9fb2484171e62925e69538ee2	0.0
3fe8e153885fe13d99652b13060fb984	0.0
4017af62588ac383bed70c058651db72	0.0
40180e9f021220253df57ccdf2c7cd8f	0.0
4021e073cc33f151452f40fa894ce048	0.0
4036110bcc880ccccfb3c00ab8dfc223	0.0
4080cd3e609ba91732d5a3843cb4dfe3	0.0
408a531a4ad288fd59da914679730eb0	0.0
40912c63c0d9adef97fb581812cf424c	0.0
40946eb25735c8f072c496074cd44d14	0.0
40c231907f0fb526d4990638ddd24b88	0.0
40cbbc115db0c176166272569d439e52	0.0
40d27371775f4a6e9884d5bf8993c03f	0.0
40d6a14e7e09f5c13b0d88edf1e1fb0f	0.0
40e50fa85290dcbe8a8594c61142b3a9	0.0
4107f9ffda61a8eb7970f7b35bfad3fd	0.0
41349ce0b8cc9bdfa04d89c4e9143c9a	0.0
4142757eece9654f4d38809f64602ded	0.0
414dc7e71232e2cc167f7d91d697e465	0.0
416b30d3b1ffe14af3d92226a85a895d	0.0
41a2183cf46d5e9bec284856ff8f3a49	0.0
41de7835f8c7b19d7d4127073b12c20b	0.0
41f2260b412a632dbf4ad20709d775d9	0.0
420181fb153419f622f2aaf46eab9ac6	0.0
420a916ce2ba2c876532f53018454f25	0.0
421a4b69ec828f0c5dba0c851ede9fb0	1.0
424d3470d8f323fa4bf4ecc8b9e0506d	0.0
42548f2e99232673588c9d1b95b9fc75	0.0
4278b69d389745ecfa8e1a1271cd09f6	0.0
427c60735a306ad0791d379a0ea787df	0.0
42aa691aaee11c160699dab6f3ea4c98	0.0
42b6b7d77d939a5d608c454e188ea595	0.0
42e90728cf6e72290738499ede357487	0.0
431a069d74e04dbced8747a5df2408a6	0.0
433315c96052b5d64d7434cac8f58049	0.0
4340404ffef1b91426f9e317c5aecc39	0.0
434d6feb79f28eacd0819a37a3c3d205	0.0
438580f43b6df455fd6880fe28ff4cab	0.0
4388bdbb9b0bdf15dae67755ff220f06	0.0
43913af02df26628925d45c13dfbec08	0.0
43b05b7cb21138196a84c48219438b68	0.0
43c829992c15b9f733b36a23be08ca04	0.0
43d82ecd7599a54c0c67068cbf9bf271	0.0
43da5fcf3fde5d88474dd3d99ed07989	0.0
43f4b2f2bf182d772c40cea2d517b5e7	0.0
443b51ed35c2df7a183b377d561b3c20	0.0
443d04bd580b83a87169c8172ad11932	0.0
4465cbb124ec13a30ce1a7408d30c27d	0.0
44c87c5fd4834e1dd781194c19617a5b	0.0
44d6af9dd08b7abd020640ebd37b21cf	1.0
44fb1f85809ebbfec0773e0957c7b404	0.0
4543f3314f2f8988a2a01bfd7040b4ae	0.0
4548bb49239a3e58de953a79221148b3	0.0
455265c9cc3f57f455722d8d6fc65dd5	0.0
457c28bf5242c09ee73d03d6a8df6094	0.0
458efe17503b53302fbcaaab7690b5ab	0.0
459680a767325fcb3ce9a3c446bde8c3	0.0
45a8d835c0a0afabe40d7053512ea6e3	0.0
45bba375c0a511d1eff3dad19dbe4912	0.0
45d92e39f08f4cc4ec2ed0bcfb36df9c	0.0
45f44bda667ebee1d16aa5260b827166	0.0
45fcb1202a0fc2684a8cd819ea958483	0.0
461fabc2ea5e44e12b51bae771f97c3c	0.0
465a6bab90be2b054d5b674f81366c96	0.0
46600474bf99560502c61b4c2b8f15d2	0.0
466748381266c4c9daa56d4465ce7b9c	0.0
467a925f39ec34f42482b331b3d71bbc	0.0
469bbab49fcb470af246349b1c02ebd9	0.0
46a407eb5ade8400b506ab6ea5b9e982	0.0
46a767dd4c5a7e09c95a133bf3a5deac	0.0
46cf9abcca9cfef246b5a5a310f0e204	0.0
46d9fb52a1b6eaebf78f66d3f515c28d	0.0
46deee3fd40d6c2527b883e0c49afc07	0.0
470121c36ca08331cc22633129da81ae	0.0
4718d1def137984f6b95b137d5beb98e	0.0
474b42c89dbd46c79953833af0fe8282	0.0
4777e0322146711f87b5615060ed0303	0.0
479effb0321f88ed7a14529bc882f854	0.0
47ad97246ffecee3a9855c70bf6517b3	0.0
47aeb11d52862488c619124ba48f4089	0.0
47b65f755b4cc37cf72213c998f52841	0.0
481bc53612481e3882884b7b718e7d0a	0.0
48cda340db94a45140f2538d54dd8fc9	0.0
48d10c0448bede8729af84a4aaef5d7c	0.0
48e4343f61fafbf96ba5739dc8264db7	0.0
4934d0718ec26c02dad1d72144f8db66	0.0
493ac3c339760359d464b8acf63450cc	0.0
493d7cb9fcf99c8b0ba60b7e735d8c66	0.0
4961b9f6157934f3f42cb5513fa606f3	0.0
497b2e416eb389e941689a0897bfa2f5	0.0
49a60be45d8b26fe86d7fe5408644c13	0.0
49c7051bd9f219fdd339f6c69fd10a5b	0.0
4a0bfdeda955aa3b6b56dd475ea5c690	0.0
4a2d2fbc4f0f0bb1b73872c0debc1e66	0.0
4a34edf94d9cdba3a54d5afa3a016691	0.0
4a3bbc7f4dd18fdaa61dd66fd7e0e51c	0.0
4a4ce3eca50e5a8705a2a383632e90f6	0.0
4a5ed42f19a43785ccf06f6ff5d73beb	0.0
4a6e2907b7e661d8036c01b16e4d19e8	0.0
4a709f861b1c049e7ba1a61380059500	0.0
4a78059ec0cfb076eecadf4f048d34ab	0.0
4a912a050e303c9c7a8e21ec73d69035	0.0
4a9e0146efc660fd5d50d38a3fcd86b9	0.0
4ad13e62d25ab0dcc6ea68309aeeb15f	0.0
4ad5ff2b25fd6152b31e3a9bbc095016	0.0
4ad761ef2407d9d4963d76428ecb7cf2	0.0
4ad9d44d2a2b8b376f393b33315178ad	0.0
4b052df5efef3ce60bdde461d6e37b69	0.0
4b063905e6556b678737356cc13e79ca	0.0
4b27a52d29e1a3ac36b5d7626db5e220	0.0
4b3adafa4835b7a94314c02bd80fcf3e	0.0
4b43f387306324f7bbeb679c4df3817d	0.0
4c010a68220ba38999ac6683659743a7	0.0
4c1ed7e371ade249e1911c0b33584b8b	0.0
4c3805a5be270549ba5c15cc18508166	0.0
4c5ddcbd277b02b729422b4ec621c13d	0.0
4c7afcd81d1f3f81f439a64b84b24c20	0.0
4ca81645c9d225d399f7ed6d4c4d1260	0.0
4d1c546c454f14c2a3ba4a8c58a6ce88	0.0
4d25f0045d609894024f22f3ee248af1	0.0
4d40ca3e6ad5224bb27d0e727af9c131	0.0
4d4d251f231474a1bce587099da2d27e	0.0
4d5aa6ad6ce0fec7096008c7cde0131f	0.0
4dd3c9fbd4a6508b1b246954ea2d5dc4	0.0
4df7a242d094a15bac323c297fddd0f0	0.0
4e0810ceb6bf5db7847714bf4fadc9cf	0.0
4e1482cbfbe65bf7d980686b6df4571a	0.0
4e43c7648e2e5a67d35e8ca06ca4a8a5	0.0
4e52b0fe6aabd54e7c16b8a8442bb9e6	0.0
4e55818ad724d3f19b1b407db5cf31d3	0.0
4e5bd6d2be7cde0ad416fb08a1d39a1a	0.0
4e5dcc0cbfd784a6458f097426954253	0.0
4e70bc9f651ef8741565a4801ca0d95c	0.0
4e729c9eaadad962d8f9653194c6d639	0.0
4e90ca75320d437aa143673667d8122f	0.0
4eb791a332ef2a003349d08093289272	0.0
4edc7a49987deb7af0f1ae7fd3a8f79d	0.0
4f256ef3fce28638c4ae2a56f80e3d15	0.0
4f4de18f6f97302400a27922be0155b7	0.0
4f8ce98aeaf19101e2fb663ccad6c0b0	0.0
4fab2bc1e97dce75fc6e31160d54228f	0.0
4faf5335ac3a57f804b37e1c03cf007a	0.0
4fb8ca0953a27c37a37b95d4e5115054	0.0
4fd6d82f930f8fcd520f3f4cead4ff9e	0.0
4ff42fd8829b39f048893cdaa97ebcf0	0.0
5000a368005a4969bad4cd126af06ccc	1.0
50186181b53e26cb9042c41b8ccc95bc	0.0
5062952033d5d10f87b4bbf8cc5dd8fd	0.0
50c7ad8944d6e77161821b83fe10fa1c	0.0
50ccf0f1252cc89639e247bd2597bce2	0.0
50e0299ec269137626a0a126775dcc01	0.0
50e1d0c98faff1b1a70653b608d21372	0.0
51060294f84ec8e9ee84aa79232f2434	0.0
5107ec1898f1cb66746ad255ad3067d9	0.0
513ba69bbab9c5e97d3908577a7c97c6	0.0
51553ecdca5fedf1f0607315600acc31	0.0
519025f938f54593b10a91323c595fd4	0.0
519396d3b8eaf4aa35ebd34f801d2401	0.0
51a22baa4952228b5834769b65d3bb68	0.0
51c89301d53de6a33a16d389f5cde6c5	0.0
51e98487c842e7544c1fc38389e6a51a	0.0
51eae6ba854736220fcc2fc22a032809	0.0
51ef497d5acb4f92d13baca9e68e02d0	0.0
521ce3d7d5ab03fc40cdbcd299a867e1	0.0
5223a2365af7b2c1398f9cda656b727f	0.0
5223a98fd0c6d3cddf9399622fbc38bc	0.0
52292542253e3e91d0eb146be4c0447b	0.0
52313bd686a1993aa26fcf693bc6f476	0.0
52498dcdb163dc3cb467d7e6463c9bbc	0.0
524c5524c26b6061b18d253eac618648	0.0
526a1f92b4d59d6fc6811259d766cf06	0.0
528806c7d7be16a7ce777d3b136c43f6	0.0
529576c719059daf07b09833f6df6fc8	0.0
52ad7f35061a1580126c52b0a5b07038	0.0
52ee2bae26ae358b11d38eeb17bf6fb3	0.0
52f658b139906bf719e7dea9b9ff8471	0.0
531313ec41bd206e47a027e748f427ac	0.0
53227a90d95dce5fa26260fdff356484	0.0
53287f471bbf8820e6950f47bda8ce0d	0.0
532ff6b0e494ad8ff8dccbf649173bff	0.0
53412f99cfab7ada4405a0fd103dfb5e	0.0
53447d052e5e93253ca518caa0203c7b	0.0
536ca0f6ac8679a38d0eeb64af835d2f	1.0
537bfc24f9432014a75ac31aea278ea2	0.0
538763ab1b823a2226128d9cc5a930a0	0.0
53a3a67dcecb5f7713d89fa16c4fe7d8	1.0
53b7af9f1989bad3ad1d0a2862b82626	0.0
53ccf39f47e8848f4fe92f0acfee6f82	0.0
540c994f90b165f2a8f1f212c875bfb2	0.0
541afab8d1485165519e09648a4112a4	0.0
54351b86ebb47cf71ffaa26eead2a47b	0.0
54649b61055abef7b49c35a3ca216a17	0.0
548b8b7bbed5ae90db9991955b53ebbc	0.0
54a8bd1e74204fffa27cd2ba1138ad22	0.0
54db8639ee5b08da37ac1a59d330b561	0.0
54f5855206641bd99c331f0c98b5f4d1	0.0
54f8682c96c6d72645d87c360d021d6b	0.0
552767217e55b2acbc8d8bcb6707c4e9	0.0
5554ba37ed39408853e1c6a120bf2604	0.0
55552be360804b9114f91514c42d9891	0.0
5598ec4a1cfb69705b3d421c2c886459	0.0
559dcfb395280f2540a9854acb53bcb4	0.0
55b2584c87d3093630661f0dba9c7000	0.0
55b55bf2d4b9270da9cbc73cde988137	0.0
55bde00e6b95c9adff28391a251a65b8	0.0
55df7b6ffee5c0116ac1f0eba9201cce	0.0
55ea077c6f36c0b38e32b48d9be1cbbf	0.0
5620e0fb1079b8458b52aa1b4259c0c4	0.0
56336f1fcb258359b0069285f7cbf13c	0.0
563c6de3b5beeacac28c0164b1a4b59a	0.0
567342e81e47ccb3814124c482d4eff6	0.0
56846bc47909c162d0fa5aeeb908f374	0.0
5690b4e9704ac356caba52f306a8f4c3	0.0
56f9b91da71c0c9cef8a04d612beb56b	0.0
5711d1f0f145be2fa53fc9f8571817c6	0.0
5775cdfb47c99831c4db91502bac02ee	0.0
578816e72d83efe97f2b16706c21e4df	0.0
579981bf9ca62171d5b57a21989ba03c	0.0
579d9693a29433102eb638257aa185bc	0.0
57cada374255bb9bbe4a5409d68d0936	0.0
57decf4f336ace4dec7d4c2b9055be09	0.0
5802c42cafd1a456e389a4dc4efbbaed	0.0
580822d5ce20aec62483d4667b8ed7f8	0.0
581bbc4d3a7e410244a5b333b6d7a67a	0.0
5831c69154844ade9f8090d20f0a79d3	0.0
583a35c9b419dc0e3d2708d5bfb1ea43	0.0
584773e6d3311ded108228e3e8107040	0.0
586afd9316797fed9296a8733de5c2d2	0.0
58cb7f884773f609699498ccc43cc6a7	0.0
58cf854a922b7a75001fbe73c1b58bc5	0.0
5908546bbd798285a0ddf1fa3317a585	0.0
590bfe7eac9405d703cc958d842557da	0.0
592aa3fdf04322da68ac5c68b4247340	0.0
59842179080499cbdaccb7035bc91121	0.0
5988b9e256c0827f22aa1827351e476e	0.0
59a19aee6de032aeb187ec99639ff03f	0.0
59a9124b0aba30242118d64106153d53	0.0
59e5a051541f2e1a8ded51ca75354336	0.0
59fcdcc40c289265f2d43c06981f0295	0.0
5a1a9a2b9a393d9206e013f98e712491	0.0
5a3fce09345b4fd410de29b4015b9fa4	0.0
5a565ba21cd6f2748999df42cd99910f	0.0
5a78bd05f10cd1bd92711eadef10f2dd	0.0
5a88179ad6834a956bd4d5593332f6b0	0.0
5a94d4c6392e00dd472867a0f204793e	0.0
5aa2e71955e09c499bb9907656d58d73	0.0
5b18aa2b9d4009cbf3f9ba27144c1a61	0.0
5b21cdce02b3af7e7798a06551d53094	0.0
5b231635ee6c9f9ca5e0e7c73214257d	0.0
5b860f2922a8d25370c0ad062e5e8265	0.0
5ba79671d506e8250118c8cd9eaf2e38	0.0
5badc8cd361b35ffc56d175b61a9a05d	0.0
5c3a01b334b54685a2c1467842bab4b0	0.0
5c3deb53db64d45a34aa6db88784bad7	0.0
5c418b1e2fa9643115ecdbd88c4a3a16	0.0
5c53178b75e7ddc4c5c16bbe87b10f93	0.0
5c5517fdd5c8b814eef43eb21af0a9a2	0.0
5c9a052854faaded4a816963cc419548	0.0
5ca546849044ec7a65afb1714b6ac345	0.0
5cafa019db9595bb033dd6109848e7d6	0.0
5cde01579eb4b3acca12226fe221314a	0.0
5cf022a2af3b0d1062fffe239e0d5f75	0.0
5d2f24dfe24c01ee32770a8c85a6901d	0.0
5d30af803d3a087d5e364654b53ac949	0.0
5d5e875cf1b72a25ef1309d359f46430	0.0
5d888dc5a3449c551501dd21a8415af2	0.0
5d8ff1ef85ddfef45657ff99382db7c9	0.0
5da3c8677c59354075570a9806360dcb	0.0
5dbf797ec16729231c8e965d3e93e48e	0.0
5dc82e3c65581543f16e98c67f24522b	0.0
5dcf50f37e7dbf6c54482fd651aed531	0.0
5e055062e2132086583529bcf60f53c2	0.0
5e154b77a718b5d349bd78fba25b6d93	0.0
5e26290dd16101a6027db94642cccecd	0.0
5e3b02ed3e15ed55fe799846b890d3d6	0.0
5e50460028fb1d03d64e9023d70fc0a6	0.0
5e6909be5c0e183f917efe566074f85b	0.0
5e81136b5a5a52abd6aa318c51e0b83a	0.0
5e9afbdef307191a35779dc9c3a5a556	0.0
5ea888c841def8b4e300b47c7c15354b	0.0
5eb10db1c013d085338c35b68f259dce	0.0
5ec440c4b5be23ab14b5f280dc62bb8c	0.0
5eddc51a8c3944f14a6eb90880d843d5	0.0
5ee1868c04c21cf94915408cf82c5b8f	0.0
5ee6d160220d1353640a46cf835ca16d	0.0
5ef941c642d12b64bb8e3847719bd3f1	0.0
5efc3b226bacaa1abfcb2b9b9c996c8d	0.0
5f138d481b83f7f1a1cd51d0496f090f	0.0
5f161fcf78747b2a8e5c856107cbb96b	0.0
5f4024726ca5c756d6ecf1c39209c65b	0.0
5f6210ceb038c7a42ec96906157b78c3	0.0
5f779132d260f2def7bf43990d1e1b96	0.0
5f7a8afdd329d846c74f50197e8b7432	0.0
5f89a709d9e30827500326fa9fd22347	0.0
5fc17c457080707b933f145bdc30f025	0.0
5fdc22bb0af91c1fd47a8f9ef057c027	0.0
5fddc14168b365e5d7463f46144c36a1	0.0
5fe14b66910553b550c7ff14843bb917	0.0
5fe3e4c4f68143c6c8478b8986702cb0	0.0
5ff302ae8432e960ce798ed21330946a	0.0
5ff3372f522e0b167e252f9b7f0b4f30	0.0
5ff54ef8f0418436e48d49be7aca44e8	0.0
603817fed32d49fd54e1548c4a8a2c44	0.0
60593f305c55e05c6e411c2a1f92df89	1.0
606954cfe0f1d3270dd44310b6382583	0.0
606b233978fd126a4f3a51a1881626eb	0.0
606fe606ff05b019f2b9cfdefe58dfa7	0.0
608cda489e29130fe2a80c528afd90fd	0.0
609e835ecefcc6d6cf0f17c4d8f5eda8	0.0
60b6c5c1bcae8331b1f2dbab0278e17f	0.0
60f4f8d7a9a34af8d10f7413391a2464	0.0
6108a0b776aec935751e547ce37a8750	0.0
613068a86f4b205334f8cd19b1fa9b82	0.0
61399ab43071cd76b09bdde543248c45	0.0
6152a2149bda729703410e21b90d776b	0.0
6178668e80fc017f36864f06111f21fb	0.0
617975f2ca8c9168c36d6d833ec7c619	0.0
617b7b61848f60e24ec76d4aa4fde463	0.0
61c4fa12a5d45f39ef03c0e830ba327d	0.0
61ccd0a9831240c34ba2e5bafb41a79c	0.0
61e95f9b0e189a69ae40730a492eb0a3	0.0
61f24965dee92d59b81c727259756c59	0.0
622b249a5f2fcfad1fd43259791065eb	0.0
624eee44f7c56ecf838983aea1b5e261	0.0
62886951a53d8506afb14f1b894c3848	0.0
629ed40e3481a9e7dc1d91812fe1a621	0.0
62a9b614ec0f70908d887298b399f158	0.0
62b714301d547dcee81ffc50d289f7e1	0.0
62bcaf80f8e5319a05a5ac230d4af48e	0.0
62ccecbcc11b1f98953df8795d4d133a	0.0
62ce5809ba8726525582d5831af743e4	0.0
62d7f99fe5748e3a75f330f974c84b6d	0.0
63036135fed723618434ef95e63543c4	0.0
631ec5cbf79336574089c86882a35255	0.0
631fd34a904bace54ea5f4aaca922978	0.0
632f91461242a93c96b6eead097c0559	0.0
634e8321eb085dd54091056ace2804ba	0.0
635cdd718b170165eb5ba885f3a70643	0.0
63b97178318fa31cdbe381ae88650dee	0.0
63bb8c233e3497fdae4d716ac0589ab6	0.0
63bc4ea2bfcfa36c8d008534b0e41dad	0.0
63c48cc1ae08d4350552cde23c48308d	0.0
645071b8c26fe9feff753b11bada1e9d	0.0
645eb63fd57092860952f5f71e5bd225	0.0
646df64547551994f73c214f08683eef	0.0
64861f04c0cc5881ccd1689c9a1187ba	0.0
649e0efd6108eba8a33e789ada8c2b52	0.0
64a9d9933e07ecca7c09b98ed9362027	0.0
64bfdb736b05b9e6de5732888214d05c	0.0
65030d1587273c7508d2c07774d92540	0.0
6511dfda647fd8f565fdc9ee69c7e805	0.0
653b80c126212881aab85d29bb0b451c	0.0
6548bd0b15afa9547b3dee934d383e9b	0.0
654f7d64d5dfbf8eedebf9e9f80f55d5	0.0
656f8be1097e303ae96524be55c94757	0.0
65851d06927a04e31f807dcc3f777698	0.0
659bc2a65fc66d7b1b5ccb38f8e91de0	0.0
659c7d0c11960bc4d594bfe7aacb7a02	0.0
65b2da1f178a687f2c773c438ef8c535	0.0
65c96a5f6aad752f8b4c66cc4ecee5b1	0.0
65dbf03ca5c8b9ade8df2c99cc01dd35	0.0
65eca983395a9a2a355a92de63c14b7d	1.0
65f1fa27f776d33f5ec418b9ad4edf33	0.0
66166597ea3dbf7f4e7a4a17b41e6be0	0.0
6624be55692a1f1c5ba3d2d0b420024f	0.0
6630cd0023e877c6ab9d458395d51a51	0.0
666121c13ab522bdb887fec7d7b29e51	1.0
668653664a91a0c997d43a49624c4483	0.0
66b91ae76e3df180f96d075645a94be3	0.0
66ede10a440bfd87aaa2ae5120e3e367	0.0
67289ab38f2489fee80a2518f5fe5095	0.0
673e047de304245eec9956b527045f2b	1.0
67662b75bea5c4eea1696f26ee3a6ee2	0.0
676b7d21955abc17b620aab82ac5f6dd	0.0
678c58db6226e4dd4a46e1ef9f8562d9	0.0
678cf8b5e995479bf5a4cf5d8e647b61	0.0
67c0d40f9b47d8e1d23c66aa50729921	0.0
67c8417b35cd5ae8fb45d71995bf6a33	0.0
67cf1869f6751e97ea780b2d54ebfd79	0.0
67d56b298df8a6f2f767047b66c25dd5	0.0
67e17f0d0742bdee8a79a73595227f46	0.0
67ff462e2b58179457e5f664c56dca50	0.0
684b4ee71dbc8bd5b78e25d6c08baa54	0.0
68570dbe76a26085b6493711513c556a	0.0
685cf937a95e95f992855dea8ac0c946	0.0
686c059abbd0ccc833193451d9610372	0.0
686d3d0bfffc8c8dba9b7b42a65c4b02	0.0
688127c9ae9d63c25c54d7e426292df1	0.0
688deebc80747cbcf9e0c158dc8a74c4	0.0
689fa76458db9ed5f7d43cf3ae59c464	0.0
68dd980595c07a77e3f3c5a2932c75d0	0.0
6902f8f28dbadbff6c0013df2d5b15a4	0.0
693185b95a19674ca0d968206a3d18d9	0.0
693b5b90b2875daf2a2cfb13dfd6dfad	0.0
6942cc901cbc6129dfad4ab362a75f46	0.0
6946a367bc0b415695e9fd98dde288d2	0.0
69521e5efb25d9cb179c879c71cdca69	0.0
695c0b8e32e7ac71c5f756b94b440975	0.0
696aad31478907ab17ace7735600429c	0.0
697825c9609229a1fed9781441367d3b	0.0
697fe44a69aaa93010db0ba6b87e1851	0.0
6983604d6d82b4f40037af604a0e804b	0.0
698af8f598c8933ffe9b91f451d41c9f	0.0
69dc1521fce2b7c69698fbf4500df2e1	0.0
69f433d39f30483d357228d1efc8f23b	0.0
6a04f95b710eaa3717390db4df80848c	0.0
6a1a8fc10476e51325e28bf9bb37a4d8	0.0
6a7511fc8e3fb4fed1392403dd07ddee	0.0
6a83093a875a67bab18bdc1d4116a683	0.0
6aa59047fb37f7ae21bcda51879d6e6d	0.0
6ab1c52832c0ecef024d43aafcc83adf	0.0
6ac5e715c0a7fcb0ce1882d08a5dbce7	0.0
6ace62483cf50c0a4286968901b77128	0.0
6aff67b10eb2c51028a37a0281947173	1.0
6b1a10bee790cc20da7db04e95bf94c3	0.0
6b1bb4289e20c078ae90bfc895c4b14b	0.0
6b6329e0d9aece8a81e8d0609634aec1	0.0
6b68b503f0ca79c4a62d8a88e04a1b0d	0.0
6b88b1e5bbbdde1a2f03b830aee0ac03	0.0
6ba605733ead1bdcddd1d69cbf27f54f	0.0
6bb121ec1f9eb1540912301b0b6af7da	0.0
6c03877a731ad38d3560e0ab264f9dd1	0.0
6c0ebba23db050b04e861280eb55ed7d	0.0
6c2a574d5f4d5c2ec535c800c9d94823	0.0
6c2a724b2c4b1ebe1fa10fdaad10c2db	0.0
6c5098786932c67f8cfd41103b947ba6	0.0
6c53712e45ceccef09525ad2fac2e033	0.0
6c7a4ca0eb195770078a55df7aca0fba	0.0
6c83622beea77e1fbed3d2edcf1bf8a2	0.0
6c8eba7cf5783c618dcd60d7288bf944	0.0
6c92d9a8843468f6c107164255d0aeeb	0.0
6c9bd71c698755730ffb39c9d3eceb18	0.0
6c9d4c7f3e4b29d0f30f1b7a3e30821c	0.0
6cbbab63e1877f474f36cdfe5df2012a	0.0
6d201bf18a153796edb2bf331ddc1288	0.0
6d2af097bb1446eb80e7be8f823798fd	0.0
6d4d8c6c95df07207151beb4e5cf9b56	0.0
6da603f3395d07695c6d37efe068e0da	0.0
6dad435d438a004885cdd2ab4ba2cb61	0.0
6dedc571b1b2730a49c4e67035741ce3	0.0
6dfa764410b8eb3cc4572ecd3c32ba18	0.0
6e099375d40356c1fc7eba8407bc5dbb	0.0
6e3467bfa6cf0207b1ac000431c6734d	0.0
6e48ad0d246b6dce69ac3d9fb1fd45d1	0.0
6e4c529982a1a61846974c12ef3715c7	0.0
6e902c4d58c3130fcadc48c5ef729ac4	0.0
6e9f02dc19dc37d12219d2a5e48af9d7	0.0
6eb1d91cd044e96ec006b8f74c3d6b17	0.0
6ebfc72a36d498595c0bf38afb778f41	0.0
6ee35d042b6b5d86607bbf4547c03654	0.0
6efa2b7f342bc70470e8fb24b9f21902	0.0
6f04e2fa6443655ceec9b8d30c560d41	0.0
6f2b1a580491d73a4ee2a099ea3723ae	0.0
6f3dabac87e6491491f6bcab2790d10f	0.0
6f46a4f4a6831da94e27b46609d149aa	0.0
6f75063b926a4ed2ad85d39ceaa1ccbe	0.0
6f7b3ebe008e5debe21197c5fdc68039	0.0
6f903d072480661141e7233f5c1c3386	0.0
6fa189b3eb72f4f6a3fb3fdb429f4d23	0.0
6faa3985ef6606c7ba844febfd07b8c6	0.0
6fdcf94aff72c7588ff22b03fd327c31	0.0
6fed0cb41e3bebe1f30d03c73e0a0fd3	0.0
7033df995f6496d13084ee56a1b49056	0.0
7066b0a3002b8866e04dd7e89c5a9ee1	0.0
7075012d1719cfb518354b186968a718	0.0
708002784c6143288483fddcb165591a	0.0
70b1643f3b7893df9e351a9f1a5236f3	0.0
70b69ebd96c55c5c4df02fc151280c8d	0.0
70cb263ce2aefd9be858246105431154	0.0
70d5be923c405f6f50c0e32d6ed689f2	0.0
70e769135453cd0dbd20eb54467a092f	0.0
70fabc5dbf800740e5e904926935e649	0.0
7102367d2eb2b97f3b43a1fd81d1a134	0.0
714be4f6815f0f43e8aae7701c87ba27	0.0
7176c1f0ac8b6d7c307ff2a64c17fda2	0.0
717ff82b4dcea925414b1a6f74dbb110	0.0
71bf2b2ce83575949f834454ddefcb13	0.0
71eee053315c2310f37d3d05f6d21363	0.0
71fa35c0a3846296d22c49f05c13d305	0.0
72b4ba2723b13017f07ba7060d305dc3	0.0
72bd4649219d8df36f553f6e0e513a34	0.0
72c9165a9b4e50c36b52424e3483f99e	0.0
72f7471b59f982dcfe77182de5ab8205	0.0
7317c722fdf6537d56d72ea63400813f	0.0
731d029223051e1095d6c0a98b38b129	0.0
732c3060af3eaa81486b8841186c09e0	0.0
733b24df1d02602ee4d1628e580c6435	0.0
733c1109d5ce596c3e72eba9e8a4b91f	0.0
7375bb21eceaa467c3f41e9c23c0b880	0.0
73f3a4e1e31415e5b1aead61c8e39edb	0.0
7400f274d0f362f84aa926bfbc571d28	0.0
740788d3fdc3dde6005e613037146127	0.0
7410e05796c4ed567318e145ffbfc475	0.0
7410fcf22c2f541cee1092163f74e33b	0.0
742cc8fbcfafdd7b6459fc00cf4fd993	0.0
743763250397586f7f5c64584e652568	0.0
74389ee622a1ff38c7fc2f1ce733a013	0.0
7474f27adc558c357fe37b2c05118288	0.0
74760038067774780402bc1d688263c6	0.0
74813f8a10c18143ad733c70d982aa70	0.0
749bc6ccd751bd378d4893fa34e5b6bb	0.0
74b13b3e66ea0b56eec25242cff69809	0.0
74c5157ce517bbd5b12634e3798fe516	0.0
74e181a7f41b350105a5002598607082	0.0
751f4af5f0c057f3359cb65a93da2eba	0.0
7520ee3a270301ea9fe1f741b9aa2b79	0.0
75265acc21fc9bb7bd54423bc26650bb	0.0
7544f7b1f7d017c19d35836d879064b7	0.0
756141bf3d913cb9175f3f742700d9d1	0.0
75627b8adee5083b599a75d6edd9dff2	0.0
75bcc488fd991b06b8a53d42cd950305	0.0
75df44f4f1539e08197b1f739d185ce5	1.0
7646e74cffbdfa4210476fd429064c46	0.0
764f491675c845cf2774444dd371f804	0.0
7650de2d176231c8078af3d5d766d341	0.0
76cd7753a47ba337749468ae767c28e7	0.0
76e705e53b05cd043616ed7aa2565894	0.0
76ed7b45200d07e1fab26bf2cc7cce90	0.0
77244c02a3b5e6fa0dbe36bf674d5c81	1.0
77321c0077425237420247b5c13fdcbe	0.0
7735a74eec30e37b9a6962a4cf48944f	0.0
7759a05cd5b03aa9e5f027352c098b44	0.0
778f7b926f9e5d6ea1bced96c29e97ed	0.0
7793a0318a5f7dfccadfd20b44fdf229	0.0
779a67c12147d7c20fa5fcb15fcd3bed	0.0
77c36070f5165a6024f83bd0b796a330	0.0
77e4a3e450bf4e72d68b080301d7c220	0.0
77f9111050625baca6239c848b903658	0.0
780a0fffb5123a649c357cd29e74736c	0.0
78208f9b5df5adbde192940b2715bf69	0.0
782b516f421c18d826496aa96628df25	0.0
782c340cd4320843fc8f25a9524d9a42	0.0
784d8e5001fb24b70d17b6bf28f91164	0.0
788df8dc68b694b6f0e5fa68bb9dd83a	0.0
78d868550d93119a7c66e20abe04b65d	0.0
79142dd44d4e928bdeeb33ce1842edb8	0.0
7922df95180cf91352a8ab59d5de1a62	0.0
7933256825335342e9bf5f6911239929	0.0
7936355cd74f7daab2fada1f7984fcf9	0.0
794b7a98c01ae3c849bc4895287c976b	0.0
797b1fc5f6c08384dafdf0deade3d44e	0.0
797e3c75bf5b8edda22c57eb02ca4a6e	0.0
79a15fd906c49889f87592f886f69379	0.0
79a4970e8be8ef003b4c52a19bcd76fa	0.0
79aa2c637e057bd7f491bde7c9f56956	0.0
79b792f749c5e7dff19593dea6c10697	0.0
79eca8a484048d68a46f877389497f32	0.0
7a09f039e0724f01b1a133e43d739a41	0.0
7a2584c8031c3ef78dea752ac04cc041	0.0
7a293fce61b14493feabd278a1f95daf	0.0
7a33a9a63bef52bde8d5a4c46e5f9dcc	0.0
7a358ade1bbaaffbcd5a6c1defd229c9	0.0
7a5b95c371f5add8d3880b40b33f55cc	0.0
7a7ff1eb31a17ae1a289069ca0c19e7b	0.0
7aa7f54c80db3fffcffe4bfa34536f6f	0.0
7aa9a5fe3d3ff4f02d93b4efdfc51c1d	0.0
7ab369da85c620d90b4bab404c786883	0.0
7adc22b7fe238976e03f870a4eebb441	0.0
7affb784486de4ebbc309a324f7ff228	0.0
7b056bde0a4e8ea261f771dff09893e3	0.0
7b141264b6d2dbddc8987edbd6fc436f	0.0
7b580ef7956766fa7955d6c12a5f6ccd	0.0
7b588f7f7732d493abcd81d8f1a1c2a6	0.0
7b630c5375a6713c171ec613b2390215	0.0
7b77dcc16377f943a414a53933a85d3b	0.0
7b81abfeda34befd84aa0ffdd96763e7	0.0
7b92f4d5448851ffbe774b1c973097ba	0.0
7b961c39cb50d9d865940967262a29c0	0.0
7ba0d7c13f129f43b4e271284a79e5eb	0.0
7bb01e53183a4a16b4747fbbde24f683	0.0
7bb614711fd7d20c532b627fca6bd618	0.0
7c07d79a4a28860f171fbbfd4cf20e9f	0.0
7c0e5c66467511c2469c1b9f04175e55	0.0
7c194ff9e2a47d8f8ab311944d5591b1	0.0
7c27fa89c00c0232b68199d68da23981	1.0
7c4a348969b1084b2ce849d7e1a10c15	0.0
7c5d429a1f6886f8e2e322e2ef8cecb2	0.0
7c71cf91f341fbf1df130bad91566644	0.0
7c73ff6055a920947a9c2d835765fa49	0.0
7c77819b8a9d2e4092501f7ebf276235	0.0
7c818ee29379f68ead28d1a54e9bf387	0.0
7c8644d835fcb8dfc82bdcf0605f4d27	0.0
7c9b62a9d49dd0d3d03b522aad3c0d5b	0.0
7c9cf90aeec8ddb26e7ab2d92c290c9b	0.0
7ca2299ee989574bf4cb246ad78d6d14	0.0
7cd4ed415300a4b7367e9904ed534649	0.0
7d2dac3f8de3a3c621ea8f426ba68f93	0.0
7d576cee6b2271727819a40096accd65	0.0
7d58065c5ceb1d7e0cb95058ef2ae710	1.0
7d6715f561050324a8a63eb758d1d96d	0.0
7d7aaaa3c3e5dcd4469242c0ff5846eb	0.0
7d839e8bf320fb5cee9aa6631acc72b5	0.0
7da99a432bf6a4c9710f7dd6b7bcd3fc	0.0
7db80ecebf952c8c1f15f4432e6a79df	0.0
7dc1d9e3934466437aee732ec360a369	0.0
7dd476795919e76e3fc4ccea829c6f11	0.0
7dfa481b01526d9c1bc4255674c67c48	0.0
7e16173e8197cadbca5f516c705e6dc1	0.0
7e1a73a6f0bfd0e7c263a8eafb53a22d	0.0
7e512523b6953c941c3449de7754dd38	0.0
7e6f7f626c235e1f709a266a08460f3c	0.0
7e7965e582e22c5188ba7d2d6a6e9347	0.0
7ea3473993ed58816f2b003b21fe9954	0.0
7ea703f0e0686351670b7f69d8e195b4	0.0
7eaabfd20ea5b03923b8dabc64f125f3	0.0
7eac48212116526d1baa033cf4974035	0.0
7eadc21fa782a4035c852bc1b7ff9fa9	0.0
7eb354ec04182f4ced2ab4cbd1c0a782	0.0
7ed1a40072b4f1749553434f6f7e4ddf	0.0
7f00f0207afd44141910d8ad69ac674d	0.0
7f14ced849d4d3c534ddd99fcf5dfea4	0.0
7f61b25e2d8d533c251f314c7e2bdd58	0.0
7f73aea6378d5ae69db85cb816a8d05d	0.0
7f816fcf58688772674b016ed71fbd5b	0.0
7f8b02170c1514659de21a3a378cb4ee	0.0
7fa6009bad9620537bb7e153b9ae6586	0.0
7fbb50f82b53bc453bc259dfa2ab660c	0.0
7fdc527774be50e80fd0718d43099ca0	0.0
7fde1d91a1164c9024eb9900612dbc9a	0.0
7fe28269233bc6f05ec83b7a93e1ea99	0.0
80119e46a39c564dcbe80c283d773754	0.0
802928c3b47eda619e42fdd97dd84afa	0.0
80408cfbca877d5afaed78e3a2f983e4	0.0
804dcc805bc0b7a1f7642fa8fc6b2bbb	0.0
8061ba07b0f93ea986f9e05b5b198728	0.0
807c2b5db20a8dcf45c1a2003c2d6560	0.0
80814c580e095e2e9e807467172a6f53	0.0
80b49c81c4924032c4206152cb0cff9a	0.0
80fa639097a6478eb799df7ccabd16b1	0.0
811805b338175c266d0184ba7efb74fd	0.0
8142f517239371161e0b414a1d79cf71	0.0
8152a71f068b427a39c8390b7cea2db9	0.0
8166cea4dc04216bc7214fcbb83327d7	0.0
816e9c8e96af72809ff64822baf78f33	0.0
81b5ac6772b1c0889870699a958d8a01	0.0
81b8072d72c24c87ffe4c44d0a3c96c0	0.0
81bb3bc4244f595f0be8a7743d52c426	0.0
81c9b77b96cf7c6b7a5a0e5c67c9d9e6	0.0
8230d5280776cf3c368d7ceea9079353	0.0
823525baeabfe0179dccf784c88af2a7	0.0
829eca24cf7d852d0db58e31b6946223	0.0
82abd3f510955e5079941c0b52644cb7	0.0
82ad8555854da31f7a910e97a7141e30	0.0
82aea507d5d049ce09a76904874d2a90	0.0
82c59933a4eb5aeb1ab6334aedcdf6a4	0.0
82f16ecc4e4dcbcdabb529431e096623	0.0
830044e018bae9467dd9df80f33115e9	0.0
8303b96d9bc7ddd58085c16b0f59136a	0.0
830e4f930058e10818cee7386e541bc7	0.0
83188a9bfdded8c60a0639c632cb4d85	0.0
831f380adf284252c9e8696abaecd6f0	0.0
833e9f76f9d036a3850cdce601ceabe8	0.0
837aa4774b2d0a055b4c04ef42fc9161	0.0
8380ee932b278fecd02705655d8c813d	0.0
8384edf9d252de97798f8842e7b0381c	0.0
839f160dc33d9f0fb195c25194e5555c	0.0
83be5d6e3d1c5bbb142f141091108825	0.0
83d13be9469140c82aa2393ccdbca1c2	0.0
83e137a80dd151bdbea472ef3be53a35	0.0
83f4f7b9b6ecb70886414825325ac813	0.0
83fec6ee7f07ea3f1884262b41e1c99a	0.0
840e7287722da2fb5c1a917a3ff1c709	0.0
840f4f39122b37315b4ab63801e7db03	0.0
84222a810b88688c449354660cb83a2b	0.0
847612d9d149915fff07047be9ab8e6f	0.0
84865d13b44389c12812bbdc3ec99d35	0.0
8499952cd07db7d9e9b01c241b0786b3	0.0
84af24c98bf622a8c0c3f9a5c2e7ec74	0.0
84c69e8e5d18961cb863de5ef7b5ab75	0.0
84e95dc4a398ac2b8def9e23600a9e76	0.0
84f9deef7df6553606fe95b9658f98cd	0.0
85194deb4bbdc182c090771f37a2d2d4	0.0
85293a25cbb8108813de64e5a0f42894	0.0
852a9bdf41c0107c0d89b9a654c869f7	0.0
852ab72acd8b23188f248eb9fbcb8954	0.0
855f4a5b2f42121f9b3545172935dbcc	0.0
85640640fd39cae447c1fb2084be34d5	1.0
857397515b8a322e5ed7037199b68c97	0.0
8584fb2341112ec493121d60dd089ca1	0.0
859a978c31d50195aefc225bb88da93b	0.0
85a895da484ed7188d6ac321b2effb3f	0.0
85c8e002c15e710d731e60a5002ee2de	0.0
85d18d23ffd938a241680f250602ab7f	0.0
85d9f3a8888f6606c33bf67c40feb2df	0.0
85e3bda0eff622091d07cb02e0704d05	0.0
86062c0380df2a7659a733bebe690d7b	0.0
8613e5ed7e01095fa2ed2ed46d883599	0.0
8617445a3538d7424266f42b9b9ecdc7	0.0
8636ad7cde25df705a7e7ffb42dab3ac	0.0
8660c00bdd7528122603a0b4ca4249ab	0.0
8661458c55fb17143407fc20684603f9	0.0
8680655b435499230056f5073ff063db	0.0
86d99319b9d6217d41769cdb0693e0bf	0.0
86df6390df6556aad3cdc2520bf0109e	0.0
86f85c076d4be2083d502b4c5a4be735	0.0
8707556ccbb71387d58233d9aa6511f2	0.0
872a88a7848db1994467f3ccbbe61666	0.0
873e0c8a9a724bd669d5c3e02e997603	0.0
87776a6873ef98050307e1550c6d1ce0	0.0
87d161d1d2adecb48fb9c7ff7ab67833	0.0
8826da2415d01fbdcb61731226f4e6c3	0.0
883d14d195e9c3f8b74f072d909139e5	0.0
883d1dd5d8273a36b869d9bc7094d265	0.0
8843eb65987c2ca4182159c19f4f8960	0.0
886d22a94d42f5361335c44cf072c621	0.0
888cfb743e51fab1ac9332c5fb1d2493	0.0
88920ac971e014d7ead89eef018a87b8	0.0
88a1a1b0e90602d2ef544432c5c35703	0.0
88c4bdbea3fd8473790a2b4680c18d43	0.0
88c852c0073c214256940d0f04459591	0.0
88cf4f2ae8505e0592c92b273e0f5dc1	0.0
88ec48061f3acf2ae2d0d12fd9dbce26	0.0
88fae8e75cddc424fc0edbc54c79e0e2	0.0
88fdd030261edc12772a8167a4ac605a	0.0
8903c527113c05510d8f6acb8a378959	0.0
891bfdd6cd4a08e6f6505ba78cf0cedd	0.0
8931a21f61fbd49d9bdc95ff948bb869	0.0
8964180e26f3cab285974de1a4ead749	0.0
897064a53a08844dbe9137cc75d54ae7	0.0
8983e24e451bed27fb8140d1a116a645	0.0
8999db159d677b459271e4d0dacea0dd	0.0
89b73cee58827c08c8966290f9bbd9f5	0.0
89c19d3ae480e125ca541d32c9de5224	0.0
89d37cea8b56729fe341f7f36cecabc8	0.0
89ddd2dbbb3df989ef04ab4bb5b01dc6	0.0
89e22118254a632b6b37b4571fa68f48	0.0
8a45f502d4af3b7b497fb0588cd9d4f6	0.0
8a50cac60fa1acb03f0d18c5366be7cd	0.0
8a50dac76c152cfb0c9370d5f13ef334	0.0
8a71d6aa7514ccb788b998430096b024	0.0
8a7c8fdb19196f488efcb975c43f3910	0.0
8a8f627a4b7edbb1531cf068de9a9060	0.0
8a903bb538d29165f4a934f8b15989c0	0.0
8aa3e891be477aa2455b5c8730c62011	0.0
8ab55cb02ecf17d18788702c1253a02b	0.0
8ad2d482923ce6784fc0d478d2bc4f52	0.0
8ad37fd3b13a5fe4d7c53b4311015e63	0.0
8ae0505d36b104c9dfa6419211a4b472	0.0
8aebc2da79978cbbd3e55b5ada914395	0.0
8af5dfe2afac7519c02f77a65a7514cd	0.0
8af61107300445c343d58469db5b4008	0.0
8b1a0a9234b9da20cc579c7a4e0354aa	0.0
8b3253719e467f3583468c2d0e9d667d	0.0
8b40713388a0b46fb0bc74c343af1bcc	0.0
8b42929912cada41bc9220185a6c82bc	0.0
8b626753e09012654798a7c99e783eb3	0.0
8b969a8b5fe6021943fa8c673ff16472	0.0
8ba690f885211d70a67cb647e381c91a	0.0
8bacb86d09de8a0fb6c8cfb3e0b235b0	0.0
8bbf8ca1f772f0bf6e461e406192cdff	0.0
8bc0252d1fc4ed243b02030740903b62	0.0
8bcbaac738e8efafefdf2848b577e630	0.0
8bd016ab7d322e071ae785c3a9bd260f	0.0
8bef77089ff3e868843ca6bd613b89b7	0.0
8c03030c556d926f98bb73eb77abdf8e	0.0
8c06bfdfe7e128dad38a4a354813492d	0.0
8c3c192ec04bd70601fea1dad46303e4	0.0
8c4af8f1099d9fa1f1cf6efd9957a12b	0.0
8c6795204811c7d313b20efd18c6f461	0.0
8c79e75e03b1ce0f3a7a76d91b96d24e	0.0
8ce72f067fa45309047c1d7ec368889f	0.0
8ce953f504aec0a15a237b7c1880398c	0.0
8cee1dfa5e61a339bf13702f2b336301	0.0
8cf1c15131f8754801d536482af485ae	0.0
8d453965bcfa7b01b7bb333965a59ad4	0.0
8d7b9a29a1e89e0b5740bfb3780ef5c9	0.0
8d8493ef4e5d8c44408e911130537dff	0.0
8da9a4659f99b4a75064506e25601740	0.0
8dd92434008500d36e8072714bdf3460	0.0
8dde37d6b7ec0121ec8368fa8fd46051	0.0
8ddf9013ada7ed4b0dfef0e33de3e5be	0.0
8de81e766b2a44314c69cd9e3dcd5bb1	0.0
8e202dfd426cda9f566306234318b676	0.0
8e3188a9de80fdf268e1c24a48841912	0.0
8e470f6a47e29fb2a3df7628e622a4cb	0.0
8e56645f5b773395ae26e09529c2dbc2	0.0
8e6c05641b474b3e56c787de0d0380af	0.0
8e8edd0a92e1104ba61f9d16986804e3	0.0
8ead56f74719b3cd59240bb4d3827d8f	0.0
8ece5900d08db747d15f0ee257cc77de	0.0
8efd0ea190c3a7bba658a65b66a2a243	0.0
8f2849fb27cb94b3537cf7ff2b0fd532	0.0
8f4df5e8a01f41cf66be375c87a57dbb	0.0
8f99b174c935376dd477f414d67de9b1	0.0
8ff4256e4aba285dbf67da85fe4e7c04	0.0
901115d5dcec4ae845a366f6d1b9ad1b	0.0
9070f9134267a41ea8af7327bf7e0261	0.0
907650f3839c09f3e07a194484ba1390	0.0
90787155a83442c9a67e1f2dab925b3d	0.0
90ad1ec30188bb1521607dfccd79218f	0.0
90c48fb59ac988cbd283c149432f00b3	0.0
90d209f64bebb903aa428e81570d5e59	0.0
90d6f15ccfa51edb78cf58ebb0a60cb3	0.0
90de738249ba9a35b0469cf08f4a5d70	0.0
90e034ede53488799cf1b57d1c63b5da	0.0
90f9ea30be59b3050c480f3ce7e9d138	1.0
91117362f4f2994db98a5f7dadc6c642	0.0
917ddf69c1862ae2f0fa823569289539	0.0
91c7b01325e1716c5df26155a3242afc	0.0
91d8b4ecb663ce436f01fb206d3728f4	0.0
91e2de89b81e45e000f2aa957e40194c	0.0
92009d816b664bbc00b9f0f15ce16028	0.0
921ffce557f8e1e3fbbd3518a8ce54fc	0.0
922383a3260ea34ffbbc6b7c8de05c79	0.0
9237ee9f9de4a72b9dcc2409b8675428	0.0
924d7b9bb79d3ba301042127171f9287	0.0
9252738ba8539f22a4d955b416cbbc6b	0.0
926ffbd028c56d970e43537079b88433	0.0
929f5082024e329d75f531198027c4c6	0.0
92b87e2a3923f5f3ace83e933f34cc6c	0.0
92bee323226bc7f3f6ce1d550cfb990c	0.0
92c5bc6cfef066679a6c7168b2214219	0.0
92f5a22139da38874446b88aa5c68ea4	0.0
930349df471879d636c455dd7af9b2f8	0.0
9304438004d6f8dba2425e945831b51a	0.0
930897efdfbcd5f07b19af365015a03b	0.0
93297a42f9134a3b3da550bddbb4d7e7	0.0
933aebfb538e8315bec87e0bd9d2604e	0.0
9361c3df3cba8bbf1b1d4a1934728b70	0.0
9382cdf5600f105998c2a053de66acce	0.0
9384baab62a05079082d55b6c4b090c1	0.0
9393a7caaed7d3cad69e35b82cfe24fd	0.0
939e043ccd486d49504e8bfb6d4244ec	0.0
93aa11d79ad5bc96d6c118cee29146c7	0.0
93b462c7e706ace0f8bf402a645a05ee	0.0
93c9d3092ffb55ac8642d899c9a9518b	0.0
93de17c6c4f40a13ecba4669b1013e5c	0.0
93f80891b9627a2e43ceca5066301800	0.0
941d3313294ee8ed3974a8de55e6316d	0.0
9428ca408f6b19c6ede52b0eaeac5695	0.0
944f4a25b8e3b620ef714c9c062a1fe3	0.0
94810d9f82b4f4df835869b69df808c6	0.0
94a85a2bdb86562ae81eb71f7502a979	0.0
94d2b15bfdfb1d2a2d45875734dac338	0.0
94e6d3c144d535505439a7982d55318b	0.0
94f831a96023b4592f77508799b693c5	0.0
9523e2e54bc79a2bf620efab92d2a88c	0.0
953d91b0d88d47130a0c938cd2d2edd7	0.0
953e71dcf91c3c65a0b438a8cbc5ca3b	0.0
9571cc0b9df72dd5edd802d242d69993	0.0
957fceb53f83aedd8fad8bcf2234d8dc	1.0
958cd835287cd2f0a73cf07156006bbf	0.0
958e57c16c714ddd45c163247e1e8221	0.0
95c639b773b1573746216a955e00c4a4	0.0
95d2288c0bc90f478171af58268ebfb1	0.0
95e7d17aa23b005982b18f2c8518ff88	0.0
95f5a0e2feada1047f0edb2d1c067e94	0.0
960286a834598c06fcfffac67a5c46ea	0.0
961bdce198e0f450b75408bfed7d1436	0.0
962ad75613ba1e63ebf94ea7c6eb27e2	0.0
964a70d8e03a496c0347ce355094db6e	0.0
9675e7adf2f096225fab82f91e188527	0.0
9680a544db2d3330914600ccc229c16e	0.0
96845dc37f7db66f1fa9300fd5732d70	0.0
96a2ea9bb62b1e6f8ad14eb5da9b9eaf	0.0
96e8b28d3e052633b83a8acc87c62eef	0.0
9746603c4c3f8c404dadd3b9f78fa58e	0.0
974677f61ab682535a5cc65811b4e37d	0.0
974e57a9def016a1c7e8e3c616ed804d	0.0
975b522af227d54f22b67dad1ea9e523	0.0
9768ec59da49bb0876e6559835018a6d	0.0
9780afb86ceb5870d0ee658b600824c8	0.0
97983a91b685940ee287dab83c4a03ea	0.0
979c4a8752687d6b9ffa1a10f7995aef	0.0
97d85c05a982456719427b04ea098185	0.0
97e294bf88f16f39c60e6b46819ccfc9	0.0
9816189941c62a136c7a4d2e0dc5678c	0.0
982b5c1ff6f885e837f922ad37f9b4ef	0.0
9838203867ab9d94fce00afbcc2039a3	0.0
9846fca758d8bd2ebf7810a7c58ab9af	0.0
9860aeae76bfe159c9734a1f01eb4bb2	0.0
98674b3256594cacfcdb07dd2b2c102e	0.0
986ada7becedbb6ec96fb8f3763e200f	0.0
98732a26d630048a25530587583c6b51	0.0
98acbbd790a06ff4897b4c5055887a10	0.0
98ae8436a017f7ddb472fc06374a7e79	0.0
98b108b04648c5d0bbbb5428728bbef9	0.0
98cb45bd4e50b35afe1abb94c90dc9f5	0.0
98f1bcb73ae6c4bbc48b9daa53275119	0.0
98f38f10970fdf69534a816aeb6bb398	0.0
9908ec9cb47e9812078b602bff4c5980	0.0
992a23af02cd63ed52de1351df8beb3e	0.0
99325700dfdbc2873495a450b37d08b7	0.0
9957f369e3915e833e072107ba3afef9	0.0
996c8bb7f70309319a1de71cde47da29	0.0
996cd4876ac0e79018f40d2c6f596de2	0.0
9979c86deb158eb64d7708f95e46bade	0.0
9987fd38a95e5e7865d84631f6a1d484	0.0
9994b78442decdc0194c43526cce19ac	0.0
999b54f26a7e0010ea294444d2844d4d	0.0
99bddff4908a79e76f78d7bfc28f4fab	0.0
9a13a9ac6ece689a02ac5f069cfe1163	0.0
9a1a7be35615013b2fd6c0478ac25c5d	0.0
9a26091e252b836ee896739a9dfc5244	0.0
9a29e4772509468ffca012d163893cc7	0.0
9a5186ea34f82a0282e05ae23d6beffa	0.0
9a7aa08f8ede010c7e8fa857a8a39ea1	0.0
9a80607ba3b38ede158654f6da5f73cd	0.0
9a950bc33e94fbdaa7c7bfc51f47181d	0.0
9aa8fefc3c9a6a971c460fab6510396a	0.0
9ae31543df9ff89491636fd0c3f82e1c	0.0
9afdbe770a14ba7c8bf40bec2c765d4e	0.0
9b48c46bf800bff27120ad8212aad591	0.0
9b5aecc0a48498c2d26c2454e59be177	0.0
9b66573599c705705db1bd4f87354dad	0.0
9b9418c49e661fd1b549ad0513d7e3c4	0.0
9bab0e027f3f96e22fc327e440b636ca	0.0
9bb6b160bc73470632c91ee2a81e4a82	0.0
9bc824593b3dbbd2cbc3d91c119c0320	0.0
9bec7653d57d22a91d67e2b72e082f88	0.0
9becf45628f18b4e595b04f3f92f7b4c	0.0
9bf1124897732baf3d59df08fe58e5b2	0.0
9c7536d51f2fd2e795611b54dbe79d91	0.0
9c7cb9c7412f56198653ce8c4ea1bb96	0.0
9c9dcbab77cbd90d20b0be1e2756ddc3	0.0
9caf7f0a331048971dc6e7bca472ca47	0.0
9cc4efeae0a491097d4e2b34897fb002	0.0
9cd59bd3257fff895e5e2da9cc17fda8	0.0
9cee2cf3918dad5bae267057bb0b353f	0.0
9cefcd7894ca90509a29ae29e0f47aae	0.0
9d08c1ff2247c355f0e60f9b34edc4ae	0.0
9d1bd393cb6ede3c6a6e2087d3ee50e8	0.0
9d1dc1e8c6032cbb723b623cdd086d62	0.0
9d3778377a057889f8e4d371af9c826f	0.0
9d455a12be146f4e9639ca892e934a49	0.0
9d4c4651c343d879e2ecdf736b401505	0.0
9d609d7975acae687cdd56c33abc77b1	0.0
9d6e47f6dc8646a493423c2640020f6c	0.0
9d8bc90f6051ebb123592ba4362a6547	0.0
9d9afccc69a78fa72d4c1c3645d6ca51	0.0
9e04328c0734aeaa766ce3bb92a4f130	0.0
9e1ad0f59e2e61f82c029af85a11f911	0.0
9e27b6fef0796963306e7592c359c5ac	0.0
9e301215ccbef14325cfe1d48db021ba	0.0
9e4ff55e6775b047131097e8537d106c	0.0
9e5cbbbac3e981b86da91901e35ef8fc	0.0
9e6664ad9e7d187a5385315da8f1a26a	0.0
9ea740c9d2e66ad097ee831fa1cd7793	0.0
9ed0d15afca70b9ef811c5cc4fd4f43f	0.0
9ee2453831f23be69e70615504ef8049	0.0
9efe07624467e47c737e16e7610438ff	0.0
9f02e892cf3a33412f355d1b56d6c90f	0.0
9f325fe1966ac203a3a4f6d58011f239	0.0
9fa8412456f634b82ac94d13086bbc31	0.0
9fd6bf3079f1fa391c8c88e725ea9f8f	0.0
a0082916ce99d78431a316dc1640c2a0	0.0
a053a79ef04d626456f725554bf7ac29	0.0
a054db96161fadb90eaa7bc49a14e4e7	0.0
a0798eb69f6ef4732187fdab359b22bc	0.0
a0f93c4f92b7790fc0b2dbacaf706bd0	0.0
a10a7ceb467cde5ac0d4a406dda29f85	0.0
a14645d8fed21b4e634e2211570e38f1	0.0
a14700f33108d6f7d904cc6e6d216aa3	0.0
a16a3489f19e30c755708135970854f9	0.0
a1905656b96012e6d7804491acdcc83f	0.0
a1da365c72f5a54c06896717e8ef87c8	0.0
a1e2026826b455535fee6184590df28b	0.0
a20028912908c31fa61b51456c7ad7cc	0.0
a2797105b954d086b02c8abcc0279fc1	0.0
a27e13971d86ff3c69a6b5fa98c29da7	0.0
a3439490ab3bbb8c122f28657c24faaa	0.0
a34b2e433fdaf004d09d5ddc97bbd271	0.0
a38b220c4b56a8b553f88bc09b81b12a	0.0
a3a5169b29475fe3fea69846b97f8a8f	0.0
a3b0a1147cc6d6225b532fc292e61908	0.0
a4092ba243e27eec8cdf1628469bfde0	0.0
a4123364de56a0efcc0af2eec9921a3d	1.0
a41e13332e395d6a30cde2faef7ec4f2	0.0
a42cefd7ec2ed2925f6de9aab9dfc7bd	0.0
a45c1420d3682fbe439b961629638bd1	0.0
a4633ecfe029ee1eae1c33b4a39b689a	0.0
a4958e6a07d30c62c496f0f2891c3390	0.0
a4c7b311fc789e9b15a907c0c79c73df	0.0
a4d7575dc53df93f9f79e81496dc99bf	0.0
a51e739638cc84801c23b91c310b35d5	0.0
a537b755f38e99c705683e397a382bb0	0.0
a550b48e1cbb8216c6294af6bd836357	0.0
a56c1a54d2a4827d343426e90be80ce1	0.0
a57cd068164b6c4f6c828f090ef45602	0.0
a57ed76d411849181fc8834922a156bb	0.0
a5908f436c84781f4cbae11c673a46fc	0.0
a59b42535c608ba4f3f2aa3f42deaabe	0.0
a5a6cc6bcad4626d0e302e4452ca9c80	0.0
a5b548a6d32a0bc2a647067939106689	0.0
a5cbd0658d4ef6ed1fd633692631ae27	0.0
a5e1e156a340fa8bb0619d3142e4df7f	0.0
a623c6a13b835964cc4a864c156bf862	0.0
a626eb03b4853183657bd203ca871da9	1.0
a651938047bd8cfd2a6e4788f3201c30	0.0
a674cf7f6392424ea00c76adf81a2862	0.0
a692de566a065c791b19847f51d3c1bd	0.0
a6a620e1cef7a89745697ce3f253c925	0.0
a6e324cb076b3269b5dee7327fbe75ea	0.0
a6e95ac359c1a243dec7c6cd18732a9c	0.0
a6ff7b9dc646be443aede411900d639f	0.0
a71a9e94514bff21129d510e45d19169	0.0
a71db3003cac0c97b5a51ff7dae2eeed	0.0
a741f8722cdceaca6188753182695c93	0.0
a75167d43a69adf8dc03c3986777b07d	0.0
a76dba057897089f22e5d95a35c35b83	0.0
a7d7312e3645ffa9393e7e5f5982a54d	0.0
a7e04c03ca22f89a80fcacfd714759f9	0.0
a7e6e76e1c9a02c6553544add0d167cb	0.0
a7f43c2b46e58b0f646f3292ea03f4a8	0.0
a7f65bc767b5e380d8bf5abe1e35df6f	0.0
a80ec33c817b98d4fb7fea739f1ed1e8	0.0
a81f1d7f895212cd8551d847f9c00fe5	0.0
a83a389054a606bc29e4c0e1fdc3882d	0.0
a84ba88c69b66b7663ef21b8a5baf04c	0.0
a89a58c6a6596cccec6f02134b139f98	0.0
a89c168503941ee5e6e774d944f52966	0.0
a8acb084b40e7204c7cf3472810a1937	0.0
a8bd162b5e644875406ad49556bbac9b	0.0
a8ca83681385bf3f7fb637b74e9568e8	0.0
a8e55c9236950fd78e3e6999a2b36f35	0.0
a8ec2a94bafdd4ab6acfc81c5e1f929a	0.0
a8f3f05bf58d9d0feb4e0cc45c52b8db	0.0
a9002088ba30529c1a365793b738f31f	0.0
a90220cabf2bacc0086303b1d7e1485d	0.0
a92aafa5651430cd24d3c9492e4b30cb	0.0
a92dceeaabfaaa092956308c2e889bd1	0.0
a92e0fd6f92066c34498562f6f78cdcd	0.0
a936771d037caab27e3ea35380021fb4	0.0
a9474f3894837b54bc04f106dc821b93	0.0
a96aebaf9b17ee4b5adf5839b5bb32b4	0.0
a980ed66a11d603d2ca55dc3f4fbd8ab	0.0
a989768a338013ff63f88d4afa4c9d43	0.0
a98dc4daece4206e65e013c249a27dfc	0.0
a9c94a18706468ce15d7e85dfe9060ae	0.0
a9e255eaa6606af2d25b6a2468f868b5	0.0
a9e78e50226b658b7ece24ec7c4508b8	0.0
a9ed17c8d6aecdd7c5900928986db924	0.0
a9f6237b26cae08f111edaf53364617d	0.0
a9fae0982deb8430a73d887cf11087d2	0.0
aa04a170c636887ec54c6af4fd7be50c	0.0
aa0f0160872b7536872d4d25d1c183cb	0.0
aa43ae51f675c416bf7827c1d67d952e	0.0
aa4d0954de9f039edd61fbb860d596cf	0.0
aa5389bc03988a7cbc1315257af7c0b4	0.0
aa556681baeb323eff614390dd478971	0.0
aa99f2ad1cf13387996baacec98cf85c	0.0
aab75f5916a99b4ff99192212f7528fe	0.0
aac72d611c05aadb394a6957ad33968a	0.0
aae0a0e5b7116af679b2bcbbb216f6a2	0.0
aaf0d74a50016e456b0024b9461a00db	0.0
ab0b3186f374b3b78dce92c0cf9518e4	0.0
ab122e6ef845f2fe0e8a1eac13bbe346	0.0
ab2c39cebd5dadd137fc84c011def0f4	0.0
ab8095f9b14c72cd18acc1dfc92f6119	0.0
ab8977355560d176181a4c8c018e3354	0.0
ab9d8a8f9b7865da6cec10e5ab3795eb	0.0
ab9e4bd40ce8d5112727f0c8ab10e910	0.0
aba9c8e6bd9cb63b38d38635a9c1d399	0.0
abae5666496cc09a64d90164ed5b0d8f	0.0
abc0e1a55bebd3724a3c727fe9d89f74	0.0
abc7d105c01b82cfc2a579950525bc19	0.0
abdec2742f855b2393118f76f811d4fa	0.0
abe21100885ac53355dabd5762be85ba	0.0
ac36ac613168bc2f10d1d822746d9d02	0.0
ac4078545991217de8ca8ec8ec035a2a	0.0
ac479dfbba1d3848f5f79a62a8b9de25	0.0
ac510f2c5a7f9e61f43b1ff6073299e3	0.0
ac66920cfbde23547ba7f59549f9a8ce	0.0
ac6b9644f4c62787c7a96a37b4b04846	0.0
ac9029869bbab7efded8e570a4ee2c09	0.0
ac98077534f216f8bb96235cc979b35c	0.0
ac9995d0b8a99f36c5d0e1845a274bb8	0.0
acaa20d961c89e6b83f300e713366be7	0.0
acb3d5a5416371a4f30d5b859bbef27d	0.0
acb556ef6a2a0a383e48be65e0bc39c1	0.0
acda2d5d1f68111a6a37a52a8c320f24	0.0
acdb7e8659e23d6d0646e7a70e3c0bec	0.0
ace598a0aea9f0b79ead1f8167df9b50	0.0
acec3894b2df2d62b1437f11a2caab5a	0.0
ad005f26f045a39fb6070d882364918f	0.0
ad1735b7ed2892c04e49a119ccd39fd3	0.0
ad3689c653d2890dd5441d2f1a61cf1c	0.0
ad37e190c74f987bb571848d7c0ee53a	0.0
ad81c21646420b6cd555713aa99ef49e	0.0
ad8899919a8d1d74d075b0a5e9e6a1e5	0.0
addcbf17a726de06d341baed6a8a2263	0.0
ae12202250b6a6491eeea828df9ee5f6	0.0
ae1e20e179cddd49df3cd78e8760a5d8	0.0
ae2d73a7f487a512f2237fbd6759f7d9	0.0
ae4d5422f4da16e9a3c3c7106aac849d	0.0
ae588bd9f5680a150bbf58f4a87a7809	0.0
ae5f2c3db74b3d23d43f14eb8dc99868	0.0
ae694ea61faecf8e2bbc8fa7f1c5400d	0.0
ae8053b940d60f43a50e15121bc6f030	0.0
ae8f3fa1f74b7f6b9bb390b77cee393f	0.0
ae964ded8e0db3a0cfa8a0189d1c0486	0.0
ae9922fa30f05025a4a2f77d10ee3c08	0.0
aea003019f0fab22c908287cb3dc8e02	0.0
aec31a5b0230d85bd5c13e6435bc68f2	0.0
aee2f85787b232d290667c8a8392e4ed	0.0
aeee1df2ee4e353897cee83da4cfc410	0.0
aefa8a063ca532bee652a28f1a94761d	1.0
af2557fd302f8a47d6d12fde621cfff9	0.0
af324ef6689d72873fdedbbc13e7a576	0.0
af49bcccfdb1707af0cbc8d300d6f4a4	0.0
af674155a78685a58001e07e44587513	0.0
afa6341a7f585bfc1c51b3da561505fd	0.0
afa9f20861be6a8afbfc97a32cfe0f2e	0.0
afac4f1705b42d443f4c887bb07e85c1	0.0
afdc07d4b589556f9961e550ed63e9c7	0.0
affe0eef6f9eb7c05503db78ed31db55	0.0
b05c33b1b408f90a4ba7449648a5ad54	0.0
b0758f4db43518347c60f89711c4acf2	0.0
b08e884f74fcdcc1ed8b8120d4986a78	0.0
b0a26a773913a9a8ee2bd2828e5f7f68	0.0
b0ab1d84717bcb3fe59aa581c03eb5eb	0.0
b0b1e56eac65d89a9076abcc312e6999	0.0
b0d3616f50e045faa524184c3274c659	0.0
b0d71bbbb2d9e019cce83806529a1fa4	0.0
b0e5e29543d543c98990c5a2c6597e6f	0.0
b0f4e79223f176b86737dc182e9d8194	0.0
b1000e4d842c2e306973b5f2429fc991	0.0
b12b6c6c3f646d586518d3ef21508abf	0.0
b16481fc855b08d4fd0bb1865aa4e8e1	0.0
b169b2ad5b0002af35ee63630d760fa8	0.0
b16fff6404011f1713324827a33a8be9	0.0
b188ba24c702b89c2efb57d4a6b2a749	0.0
b19852c751b7b7f4aa34f30aebb118eb	0.0
b1f5fbc00e7ecb318f306c8e3f9fd184	0.0
b24bd99571242a20a5094d0bfb0e286f	0.0
b2872db8f0e8d0a791f097ac5ad806a4	0.0
b2a0653566a1ee37f56248e9fac9b8db	0.0
b2a7d6f65392a1e02f5f27b4eaf2fdf6	0.0
b2a97892d29d835f69b23fa2d6a8a8a2	0.0
b2b19dcc75db10c2cdb7e1de9aba20ae	0.0
b2c98863d26f41ec420811ccd5152b53	0.0
b2db2f9cd9013c52ae121f6462e98545	0.0
b2db4a70578d16b2c90efd12e7351e6a	0.0
b2e442624a30da9501d440b9345d2f77	0.0
b2e77e903c815fc8c721fa9e2ce2fb9c	0.0
b2fd7520acef6665d218b8abd3e06017	0.0
b34970ab8946ce2ee832dbfa20f6b796	0.0
b35ddc58eca0b4996339c9b541516711	1.0
b36b5ff0183d64546ee0900173cb4416	0.0
b38834aebfa2b3ffe3906330ddf7230a	0.0
b39406745649adc7b2b837ada859635e	0.0
b3950656e1d830025c92fe335ce99eb6	0.0
b3a733b29055444d8530961a96b35127	0.0
b4216788b5ab8525e0dc4b76bb19cb48	0.0
b432a089ff8e531ac6a1b6544d490728	0.0
b434b3b683692dbe84221c287a2851d3	0.0
b463e62ef657f7c0b81e0e16992d1630	0.0
b490a6e8f6c525ee8842992e57252cb8	0.0
b4b73866202fb855cc4424e1e419dc8d	0.0
b50cc10b54c2456c890005ddfb2d7c52	0.0
b53736d59160d6c3c804f5af5689f33d	0.0
b539f91c73ce737d74cfe91b15785fcd	0.0
b54db780ac114905e10a3f49fb2225b6	0.0
b574b8237e736aea461e87dabf539a64	0.0
b58a2ccfb50b94e95de95b426b9081c8	0.0
b5c2a5c5e85aaf8fe20ed540492bf4d9	0.0
b5d224e8776bb0e51eccf9c4ace052c2	0.0
b5fa1a96bce310faf274704f3276b996	0.0
b5fd4b28e404de4ff9556905132e1518	0.0
b666dc0f64eac8902ae1f91a82018821	0.0
b67736f58cc0c7144d9a786d530a68b8	0.0
b6788796883ab7595a780538a7c106b8	0.0
b69b41b9791710456c125b12daa86fd8	0.0
b69d96b54654feba0c2a45ce2bb25844	0.0
b6c6a8ea7d6f09ca83254bbe34e06963	0.0
b6d9e3c88eb3c8499c0a4bb43e4d7f03	0.0
b6f50dc9c7163da8cb5c22ebfc8de226	0.0
b71454e3287a9a11704fb82d12c690f5	0.0
b714e512bb764a5db22817a5517b0591	0.0
b71afab9b81ab86810e9b2a9a4be0d55	0.0
b7270644197f9f17023c127a703d365b	0.0
b745e239ab45ffde458ff9543cf0b66a	0.0
b74ec3ace65627eb192af972d8824d61	0.0
b763e723df0a4acc94c7a076e96b11ce	0.0
b76ee1315be84535bee57218b83f6ee2	0.0
b77d26937ec17cee14f6fe7d830921c5	0.0
b7a3d0f162e6a2253917418af7220b32	0.0
b7cad113026ea1c3110867c88c5342ea	0.0
b808590e70831a23d8326040a7766952	0.0
b83cbfdad0796bbfdd589025cd7b6962	0.0
b880fc82cc400a2725fddcea196c8a42	0.0
b8b6173805a9a7c60ab54e50255049d6	0.0
b8f0684b8756e993a343c271ed524bf8	0.0
b8f6232c5700e1939759066b78d6ddca	0.0
b8fa42c6a61e266eec7c3030e02bc14a	0.0
b9033e4341d574c05d2feda5fec5d602	0.0
b9085e4fd1108e4c0b90e048b7769b79	0.0
b910b4a9dbfc3b93225d00d716ff306a	0.0
b928fc01268e5559169a45f79d61800d	0.0
b9335b5c7c8ae35ee7a3b4553c1eaad6	0.0
b93a6375182cd0bf50c556d296181ec1	0.0
b95d9ea70ac403834e443c4289cdf223	0.0
b96267414cb74a10f192858343ca09d1	0.0
b964432a5b5039c4edb23596eaa08edd	0.0
b97b5e633a06a678694645f31f482af4	0.0
b984648b9c2f46bba653af05612451f7	0.0
b9a6cbf7c72571629e6f09f50904d094	0.0
ba0ef91967158b254c5646e59b6b742f	0.0
ba0f3d6c91185b53cd9f1fd71b7066da	0.0
ba2028b3731ee626b654f3dbdc9ada4f	0.0
ba552bbf7ee8ed17a589b731f63dff0e	0.0
ba8952c6b70dd036d9c0a6014c95761f	0.0
baafa72c6de86abc8878991ed87cc853	0.0
bad9c42b5a5670a5e6ab0466cab4fa51	0.0
bae79c88ff6d1ac5b6b1db0c37e5393f	0.0
baebc7236c195b53d12399c3ff08fdee	0.0
baf31443c87c508fbbc4b09c80be29cc	0.0
baf768a0e8d768d408cca130bec37057	0.0
bb241cf0caa75623a1884c4e683e37a7	0.0
bb5750db8d7ef44deba752dc102382fc	0.0
bbc6ae10f6bc64ed2bbb24d600edc0c1	0.0
bbe658228b98f7c2502ad9c49c085d0e	0.0
bc07e3bc6baf4adc0507b80019f7e97b	0.0
bc10bc46ccd7ae04b05a7c2dbd66c897	0.0
bc2e0a93e84ffe2bb1b5099dbe41d090	0.0
bc37b7fc334fe926ce4c4f2a85ef1877	0.0
bc3df5e688a38150409c7b249467464d	0.0
bc4771ae0c882175de4de98e9b4607ba	0.0
bc617e6265460d646ca244b3c0306d5e	0.0
bc696ba540f1cf64230c54e5232ce606	0.0
bc7777e7dc1b4bf9e9618b7beab9dfda	0.0
bc91066455bc850fcda6fb3b0395e853	0.0
bcc0d6389e9d03dfa0fb122c956e2e08	0.0
bcc20901165328b35c1386c96d71af0c	0.0
bd0c4e0d035021f4d82109e1c7536293	0.0
bd62bad430ca858e2fcec3133254022c	0.0
bd64018e432b0028e279a34d3a3facae	0.0
bd8895534ab033015e056712619b5252	0.0
bdc46f6950fa845a88ed09fe173d9aaf	0.0
bddf539d5eb3e631bed336a46bcb36de	0.0
be0b80105570330115b0bc87b36546d6	0.0
be2f6f4f287d63224f31801a4c327732	0.0
be6c8735b0eeb22230b26b0dfe297cc6	0.0
be74da19620e5b408e9283cd1af8f2ad	0.0
be87367517fb10a6874e9bf8add30e33	0.0
be8aa0f62f82187b975ccfbcbcbad490	0.0
be90e6ef8730f12e45886d6709225b4a	0.0
bebfb7d23c53ce9f9834f2dadb61e126	0.0
becfbc4c9d3c3680d33f4f3ad19234f5	0.0
bf03fda1a47facdd6c76e9a038052b27	0.0
bf1847e5e7299e019b3960f5c68981b5	0.0
bf1a9a852e2fd5b24a040f5f7920bf79	0.0
bf2bec37852b4acd7e7586125e7a4745	0.0
bf42556db66f0f3502c2a59057381d7f	0.0
bf6ab71b4409d7d7d268a75c1e291e07	0.0
bf8548099e89467a69908f23dc9c96f4	0.0
bfa2b20a2cb11afa15bc251387bffec2	0.0
bfa8523bb94e1702e837748df26b3a42	0.0
bfc71820a86b377c73b53e9c38948bec	0.0
bfcb13184a814ecb52e29a80bfc800b7	0.0
bffcc9ebf7d94d20dcc0433f12d08af9	0.0
c01d95a9f260e33d6ef09da237e2b164	0.0
c0314fb5f41f86ae897c0127ba716e63	0.0
c07f0141617f9074569a9e2d75582b3d	0.0
c07fa073ed7185221a68ce4d0d9be19b	0.0
c0a2788f481637702ca4d09852f8a429	0.0
c0bf08cfebf4f1dff885d46b8ab6a769	0.0
c0de0eea563b7413c8da198a90cf38a3	0.0
c0decfe5d9a862a389f73d132a5820e9	0.0
c0f28b970ba60debda798ed08e06519e	0.0
c0fb00eb5c5f4afb23423babca92557f	0.0
c115a6e594150367a0fee175ada42c6d	0.0
c178403b9f7f5095b4ab60cfc1b736d5	0.0
c189dbd87f243fbd56978d5e97dda3da	0.0
c18abaa803eecb7a276dd2c3186a206e	0.0
c19914d826d429806b224b443efe5040	0.0
c1af91decd358b8b3bf2ea20d1f54ecb	0.0
c1bf3672a44a06f8b0216e039db3c1d4	0.0
c1c82420f1d933e959f449952183ee7d	0.0
c1d220a226c63dc86fdf01ad006ce509	0.0
c20fc40844ecc42f185db1c765266f30	0.0
c24c3363366704cbdb83b5317b10ee6f	0.0
c2590566acf8c0fb7bed20a024195e98	0.0
c25a2931873f80cda3858bbf989ce08b	0.0
c2938f572483a6e854321a1293213b49	0.0
c2b68469627bc1ab117446f6181a6000	0.0
c2c297ddb90864311378bcf7b99c0901	0.0
c2f4fa2478dd7a23e5973b312f7237c6	0.0
c2fbe7ef4542cdcd37da8579a13ac92c	0.0
c300cf4f88c0e913e28d546eb83fbe95	0.0
c3074cf0e3739c1b8e1cb5766b3c4ca9	0.0
c30d8792b311126f7fec8658db2e22ee	0.0
c31c56014bd3d140e6154781d7d97e5d	0.0
c321ea27313480dc0ade68d3d921aa2e	0.0
c373a12a201ba4ec7290ecb687b23c24	0.0
c39153e3fc3a257015e462b62bbbc24e	0.0
c3c5953a3267ad38785ee97d3a3bb891	0.0
c3cc8c9a08939924621be21b5e455b50	0.0
c3fd7c1e857a60fc3f26d97bbf343317	0.0
c4094504c6b9afae477152d6aa71af9b	0.0
c46e0c9e552269e9016983f80d1a324b	0.0
c4ad3f2f0f7ccdc54c609d128a34abe5	0.0
c4b20416809012e62ab6ef2365f6b190	0.0
c4bd2e1cf0a8e19ef696312bd34813cd	0.0
c4cab1f98bdc58c9939e35029013b83b	0.0
c4d4f585470792e128ee212518224e44	0.0
c4eb52e50268ec040446ee7bdb18d408	0.0
c5434d94e05e662303f4be45ef8ab6f8	0.0
c54a5a0e0528cc8891e1a77df34ac111	0.0
c55a075759f8e4b97b103cd4ca64974b	0.0
c5618d1a66b466b5c3f3e5508da5cfef	0.0
c5896d7105c4b7c07e5c48da4854e5b1	0.0
c5b57456d5b5cafec25a1716ef3834c2	0.0
c5b74cfca94c5238568a118b6673ad83	0.0
c5e771fe4cbca0142043ecc3ad196a4b	0.0
c5f50c85dcfa6e36c62723b5ec413575	0.0
c62823c61c160673cbee71195eeb6383	0.0
c628c21cee106ef7be025b48d0e7a21c	0.0
c632376f9c3dbbcd2a5ed656e9b9ab68	0.0
c65bf73ccc647cab6da610f2ebb43cd1	0.0
c665b3f6e16dde048406df4e725bed89	0.0
c668267f05a9fa813ca8053b8055c97c	0.0
c6a2bd8469c836a08f1a1523e6552b08	0.0
c6a5f08ba49feaf6e7cfb05599dda3bb	0.0
c6bd057a8bab93e16c2b64089af8cc79	0.0
c6c608501deb563796ef10897d026b2d	0.0
c6e45f0ab75c1a51bdb8a409cd334914	0.0
c6e5ba7afba1de201990ac71c8345ed3	0.0
c6eaf268133c338f9900f7e8e0a2a6e5	0.0
c718c9c50a21c01dad90b34f697ccde8	0.0
c7496e0130f1822d0d35b398f5b6499a	0.0
c7574f8a9618533ffc8891a547fd3eb7	0.0
c7925fd9d5ffaa335cbef2661f888c5a	0.0
c7a2ed9dd6792e06e02ccdbbfe80d291	0.0
c7d93514aff0f9dcb6dc6417fc9037b7	0.0
c7e62a464bce346a8112b1b48c07ab6e	0.0
c815d044302b425007cac622ad929fce	0.0
c8286c470d2c63a8b52f3f2e5de8966d	0.0
c85b24b59a574413646a3cff7f79a13e	0.0
c8a61f0c7b09fe1314839ed917711859	0.0
c8b0ae5e1bdbe64abcc87973799535f4	0.0
c8efca6ebcb9a3f8f51e27bfdd66ef71	0.0
c933815a2e52bb5ac3ec9164f87ac509	0.0
c93e0c294b51d941afe19747921a6ed8	0.0
c95287086396e15a42efcc8351fef7da	0.0
c962aba298215175987e9ddbff60c582	0.0
c967b67fa1907fab1ca7b6766792564b	0.0
c97faba47f0d59b87d196917f8044bde	0.0
c9988807b9ce4ed3ecd03754d1af3455	0.0
c9af3bebcebd727863bcb2577ac150e3	0.0
c9f6172fcbc8ceff0c58423fa5016f98	0.0
ca05a58c40cf48ae7d0b1ee11bf7cfd7	0.0
ca1c7f374251aca79f80774c19da6567	0.0
ca201ccb74a55946dd617f27145f8780	0.0
ca2ca276b0ad3d94fee5d95db39adf9f	0.0
ca36f02d665120871474d385fe3cec98	0.0
ca5f2e3a1227eedf9e426ab4f8841404	0.0
ca68557806b712f63b40c8dce76b426a	0.0
cabeb623f07d38d4c797e2d13b6d0af4	0.0
cacab5cdbafe365179444997e39e4e1b	0.0
cacb65a166464200f8d4152de32bde6e	0.0
cafefdebaed6cd273c362ae06846ce3d	0.0
cb09737678f89bb1fb5acc8a1fd1a9ba	0.0
cb17a0b86a599ec274e64bd0b2ab9f8c	0.0
cb26c13f8d9c53fd7b86deac6beed781	0.0
cb5f953839c455c59d44c6295bc735de	0.0
cb71e4e9c5b48aa6a76032f360f6764c	0.0
cb778363a8bf81f648faf6dc1ce083f1	0.0
cb7c72eca6e539177f1cc6291a4bd392	0.0
cb8c5d5833a3b7f6d859321b3e290fbe	0.0
cba5a3bc7f3808450974e0925ef48d70	0.0
cbb59638453997e9cbd65e4eae398d35	0.0
cbb6da0a049dc191c055922c087dc93e	0.0
cbbb119276fcc0a08896dcd828f91c9e	0.0
cbd6ee0b6c8a31dcccd07a88d5fb8ca7	0.0
cbecd69eb38ed4f4bb340ee8e45809be	0.0
cc13847b9cec0174dd7180d0a8ca9d82	0.0
cc1da4ff22e3cf80a76e3532bdc32669	0.0
cc2740452c585c8f703f4ba32fb6bbf9	1.0
cc2bdc9cf1546ec55d25bfe62de8c8e3	0.0
cc3a7bdcab9b71332ba0ee5fde62e8e2	0.0
ccaa1c952949c441a34126fd22059673	0.0
ccb402d23befec3a3357255a99e4514c	0.0
ccd36f9e1a9af1faefbde200290156f8	0.0
ccd80968343c8648b412e4638b75e06c	0.0
cce20fa27f0805f2e969ab07eb2a29a4	0.0
ccecff0ef3e8cbaf141399f3825cc16e	0.0
cced6dc49d5e137c3e5464c2d776a5aa	0.0
cd11299807f88c9a50016ec0da03aedd	0.0
cd39e4b2af2a07be10314944a0717491	0.0
cd55526c5bacb2d582432efe85d07b42	0.0
cd8b67e2bb8420228ae6bb358844ce9f	0.0
cda983db04553392588983ed6462e846	0.0
cdbeeeaeca8bed41c2a2a1d93e754925	0.0
cde2dbad11a4ca155736a8739cb508c2	0.0
cdeb0cb953f3bd6f473373dd40253a1d	0.0
ce0df04cc4bb22945bc88b9c8abb2352	0.0
ce222dd48db07d5ac0c10b56dc618691	0.0
ce29247205dc27d8d9824f662343da21	0.0
ce2c7961cdfdc14e5410488374185f08	0.0
ce46db0c535f25e5e0962e0c8e7c7e2b	0.0
ce4782f5505d5af75d31c1665001dcaa	0.0
ce7683752ec37a02009cac57431ab766	0.0
ce79bc0b8f804cf2728452af0156f3dc	0.0
ce89a4310ae18aa6ac6aaf18c4ad23fb	0.0
cec4f09526c64dc53e8f0e7760a9c9ae	0.0
cec7f56069adadc74d3ba0acf22fe3ec	0.0
cedb46f8fbee6a94ec87169177192541	0.0
cedb593db55973c5fda194f1e7499396	0.0
cef6e27bd06ef53de5d8ea606a1a70a1	0.0
cf103a8723ab530499c3313a69cab3b4	0.0
cf3c19af0aa6ed62c1e1895e732b6d77	0.0
cf44420af8c918a638de9b9399bda109	0.0
cf4ffb787f1a6ebf0648b729ab3c0079	0.0
cf5c76c2b40b53f4414cd39548af1c86	0.0
cf8e98df8196e551384961f775c8bbbb	0.0
cfa1374d0447af9c7b70ad2b13f77ffe	0.0
cfa90112ec4ad23bc03108d433b896b0	0.0
cfb0ab0bf6d7b4d700162d966f79a8b1	0.0
cfb381331d474d1093fc2131578e0039	0.0
cfbd26f7321a68877bb8f55ccd062dcb	0.0
cfe386a1319133b33f1dbe1abe1bfef1	0.0
cffe0c9a58772e629bde74b51f7e2f3c	0.0
d01b995de18073e697153fa9257b2ccb	0.0
d0314fbd8358d8e664d3f3790f5595ed	0.0
d037cf7b2719d2b097c00022b25f13db	0.0
d042c25f7f2014dc76256b0b90e03bf0	0.0
d06988c0daab5837e8137429f4e41c17	1.0
d06bc6f7f49f4a117912fafb4d1bb6dd	0.0
d06de5370ec7b79d55be3cee84f67a2d	0.0
d0766128b60fdc1b9be2e8a39c262088	0.0
d07a4f2671dd560624a8cfe49b7ca180	0.0
d0875783a8d3c0c930ca5758fec5057d	0.0
d09a37e7e61bda62cdbd3fced7599042	0.0
d0dbd9ac13b947d3bf8545ba89693923	0.0
d0e683a77dccb552b3daf19144195acc	0.0
d0f7bb9729e4f53bd68a9b59cfa0060e	0.0
d12123acefb5c2c10e5448394e2b329f	0.0
d1319b5db76982645f95033dcdd18cde	0.0
d138b64aeb70908ba99852a89cb725b3	0.0
d13da2c7f3bb825d435e01d5e339a3c0	0.0
d158290bc9b252d02854f411770918a3	0.0
d15a0b458b79bddefa712d8bd9b18c7c	0.0
d163795356fc5dce7993aca5c8a1c604	0.0
d163b9002ac7eb9731694a2103e18e58	0.0
d17bf135e93bb9040ccb8511adba189f	0.0
d193538fc947e6304b7c74418f3cb1f0	0.0
d1da424c5ea2f40d30c8b5428996f86d	0.0
d1e05d3738c46ffdbbfa9c88b2c4a7ed	0.0
d2187ec646ad4f3d19fc3c599c300bf5	0.0
d21d1789004d72491103117f2470b356	0.0
d21ed06de290dca068c14d4058721030	0.0
d225cfe522aab555efecbe394d5e55a5	0.0
d2596bb516397d09e6ccfb1e021dc0c4	0.0
d2789cfbbecd687c461abe5ea67dab01	0.0
d28d603ade4db02c9f90c335173a477d	0.0
d2b49b1e196b557887db81aa77903866	0.0
d2d265de5481c8482521a6c2313cb2a5	0.0
d2e9951da201758001e23da1fed8ba39	0.0
d312fe004918a3e49891704a8c17b3ca	0.0
d35f638a4715e150bd4076405906d4a4	0.0
d37363304ff35848c1a582409dfdc737	0.0
d3746d8121e26e46759a381dbc7df16f	0.0
d39883d7f7b4d6d2712217aeff2de775	0.0
d3bb47364765adfa1a19f0d5be19c129	0.0
d3bd1511913947ac8782cba617eb38e3	0.0
d3ee05cc9cf7c888767a93ce3b7bfb88	0.0
d4058ebdb42089e894b0c409c1732fff	0.0
d41c9bd53788607e5dc9c2dd137dd2f4	0.0
d4690926ea3b7e3b2eb9837de8dd4adb	0.0
d46ead1285fd8a0fdb504ed20c242594	0.0
d476496b4e214c4c33145b63997d1dc6	0.0
d4a27b0c432fc5d02acf79cbdd277e77	0.0
d4d0414d637f9d71a514f617a3a00109	0.0
d509b63fc17297ba93a22c3718f27ced	0.0
d52687950c12423f6b0623ffd18cdaf4	0.0
d54d38177a49321df7bac531d3fb45ee	0.0
d553f6df5151c07b212a1eb6ecfd1e00	0.0
d572473d04e200b2c98660ad828f94e8	0.0
d575bb8989835a6aa0e5d2bff3eff275	0.0
d5943f5d282e7795df81c14e96b7cd99	0.0
d5edc72c1b6bdff47b844c7442e05aea	0.0
d5fc6787548b104564fa674b26637627	0.0
d5fc6f035fa4d4322e6f72bd412e6a84	0.0
d6103ba63698ca2976e5e9ecc2ef2e00	0.0
d6121d5afb22f70a85546646bdd0ffd4	0.0
d62d1926ec8daefea4f45f522e32dedd	0.0
d64608eba49ba827e9cced732515e5f8	0.0
d65d1a44be2e7a98c6944da4076a9313	0.0
d6e8feb13dbfcc2a040e3f521e681485	0.0
d71267a27869031c46478919de5ebc04	0.0
d77236595aa648ff546a9281fa66e7fc	0.0
d7b906941c0b769794fd4881089e9514	0.0
d7d27cd05dd10be17a9d5339bb1596ad	0.0
d7eab6f53177122a36d795f27f1a5c0a	0.0
d7f9257259123833418be19217ffbc82	0.0
d80486171e514c8d87f0817b62eb3f1a	0.0
d8081cc18bf6b01e55f05c43deab4713	0.0
d81f9bfe8260bf96ef5d54de976db7e6	0.0
d84961da23f048f3a11e708a2c6bed62	0.0
d855f8531ff3ee255af5e484b56f2661	0.0
d877635fdbb0579e8f5581fac21e422b	0.0
d88ae089be6f75837dee225236c37e4c	0.0
d8b1fd337e9ea75e96ddee88fd87b4f2	0.0
d8ed79d5620043ec37551c2fb6f9ab1e	0.0
d90d6020803717e2cf3aef2069a14694	0.0
d95f44b034b2081fd80536ec477a1522	0.0
d98ce2784e93717a6f182b67c54f28a8	0.0
d99588b7d695f0e35123425c10637a40	0.0
d9a3947442027b90e704ea78546d2860	0.0
d9faa85cdf280f1932675a6339beecc1	0.0
da294cc6bf5fdf3f471fe00b5f6f4cba	0.0
da2bac995dac42aebbd779bb849d4559	0.0
da357fe9ee6506d4a8eb63b3cb0e4a7b	0.0
da4743b3641495240d5a4e7ce9e8a165	0.0
da515a16f8dba41898be5cf67db11616	0.0
da679987cfd10d25cc8220d054b2f18e	0.0
da6ca3891168c10532a1f8fb10b566a2	0.0
da881c13671f91ee637ee00bd818a2c7	0.0
da989e7f71e22cf0d9c884ee6f61059a	0.0
daa191f9c96648646690eb86fdeb1519	0.0
dac1fe5de708fbe77e5e911d2e61fd99	0.0
dafdf4917d04c0171ccdd1708744fbc5	0.0
db01c292cec250c6b469317d03dc3d9b	0.0
db13991065cf306617dc714e0ba88142	0.0
db2e4952f41960f890bee252982038e4	0.0
db37b229c2c14894263cace3af9d916a	0.0
db67529c3a482152518ffaa44876ff80	0.0
db67e6a87035643c5188901cd276f89c	0.0
db6d7c3d6260524c8657588a8f304678	0.0
db96e914f775af9c8d9ed9031f25d284	0.0
dbb6371b8c19faccb8c9ce9f2ed0445f	0.0
dbba86379e9e07e330eda3cc929157b5	0.0
dbf65fb2a89ef01787494ec9c4b8abc0	0.0
dbf8acc031809c7d1b64e006bc04a556	0.0
dbf8c5c5c3e8f14fdc944a77c715fa67	0.0
dc0585202c108b22b7d23c90b636c8cd	0.0
dc2956efdc49ab75846ef3c01a8aaffc	0.0
dc72cd01e7d951c966dd190877639968	0.0
dc7a0d77a0163bec896619ed7b0982d3	0.0
dc8dc13d76b1ace43092298e50dc4192	0.0
dcaa78254cedc45b47496e9a17288ea7	0.0
dcc4066dbc8bd5f75643a9e532616d4c	0.0
dcead56b27e486a3dc3124bac39cadb1	0.0
dcee017b157354297e4b5fd3c89c7665	0.0
dcee11980dde026fee0f3eb9e26eafda	0.0
dcf556b5d7d4fd6401b291b859d2500f	0.0
dd3bf72e19268e1e501a331b551da94d	0.0
dd4655b9e42ab46b284fe5db55c709b5	0.0
dd5448e83673159bed8599b3b41e5b91	0.0
dd551981fa9a1dba8701263cacec23bf	0.0
dd638db053fcec4bd1a1af4e80a6a743	0.0
dd6e0eb62fe86353cf6d156d6f30c6ea	0.0
dda7ff017433ce1c0b1957ce122945b9	0.0
ddac44c47dc76eef7eff40ddf03954f6	0.0
ddb48b245345a631471c0ec9931c4d24	0.0
ddb6aec60cbcb5ee02dcf90115940bce	0.0
ddd0dbc8f2fb464b61511a653d5a28e3	0.0
ddf86e45fc2bb8dac7b16bfbbae454aa	0.0
de21750d1d40ba2d253d414e99cca261	0.0
de4a4c3e91e11524462e00425067730c	0.0
de615f690ff5e76326b91e17a87fedfd	0.0
de65f1bf9bc31d36877f44029efe6627	0.0
de6f5bae0559b479ba5997ba003ec5b0	0.0
de785fe7af52ca201c06437d731ec8d4	0.0
deb636722dccdf95ede5a3c11231eb08	0.0
dec7aa8ca786c183827122615b53e846	0.0
dedb276ebd8b562e4b13ac40eb73f8b3	0.0
defd252281592bceaeed06ed12bc69f1	0.0
df05062f251f56d259e9d4c058907a38	0.0
df11aa7a738a961a34d51d5887674451	0.0
df1349797f6f5cabc2d6b514d5c68e8d	0.0
df88c751e5f5106f5ccc2ae871ce6f60	0.0
dfc56efeb5bf13ff2edd85d33e788a3a	0.0
e01196a782f6ed971c05f9038b471662	0.0
e01363f5bbc6b9bca895fd4cbd8c3d53	0.0
e017f92b606d52f0478ff530dd7b17b1	0.0
e03fd438650c05dc4890b518a85f91e9	0.0
e04855aa45bbc038c1ad4588f3fa422c	0.0
e080aa29e7a5206064972ab5385b1bb3	0.0
e096e23dc443cae8539350bc8594f98e	0.0
e09ae42c0b9945e6bcca482d1db28d09	0.0
e11aa4d27cffd4a7fcdff8de06be8980	0.0
e1bb429912efa016626b027425927462	0.0
e21701d000887ccd32d953726da4e248	0.0
e219f7ea6d12506c83d870421841d1e2	0.0
e22a1d525d7de14657631d61522c0c8e	0.0
e2480e42af186c980a4a2e7086e76a81	0.0
e2a5891c402dfe9992335d00aeacfaa3	0.0
e2a8c99d10ad88d2e631a952935fb8c6	0.0
e2dd3da1a33e3534b6c3a1660926e3ec	0.0
e2e0da47a7f4c5a5b5ed11d786184aad	0.0
e308b98137049d8cd9c9c255f90f6d78	0.0
e39316ac2f0ece16e5939925e324ac01	0.0
e39ecf17f35a47364135a56ea1e8dcb8	0.0
e3cf2af465f9ccd5b764e8c155191b09	0.0
e3e08798ce38ab4b8a3deed015eb861e	0.0
e3e213830d57b7c88b1da1cfa995be95	0.0
e44164e3d006385dc504b2fa0c1e8f84	0.0
e445257ee411069afa23cbcc42e4cd87	0.0
e455ea3c266003a76e1e88140b3fe2d9	0.0
e45f5cdd3848f07fb109c4c23a897d38	0.0
e4713e1e2159371f6dd9c83b1a730d1b	0.0
e4827dbcf054b64209db6d21a661560a	0.0
e4af03a55f2681cd4d498ba3170a1b46	0.0
e4bbeeb9b4366c17fdcf110d1d8042d3	0.0
e4c6db1d0758999c7f8c4a6294675569	0.0
e4cbd311e112019a86e3a0d6ca3e7949	0.0
e4d9e86ca0356694bd7d020142027928	0.0
e4e4097380d7453ee94619a8d4607bdd	0.0
e530be37311989514cf9e00d8c48ee55	0.0
e532f31f9279d8a26fd5b4ef1e38a54e	0.0
e56921328877fd21e1c3360da4f7d0eb	0.0
e57fd7caa39fce39fdb5415b2b125792	0.0
e589bcb35bd3c1bdb18ee38a55c014cf	0.0
e593bf0382d6708e9b1a27863150ea37	0.0
e59bf533984b898bf24b38ea022c5ed2	0.0
e5c8a49f897b235d0f76f8bdc7c466da	0.0
e5e41b03d9f9548813f41bb65ab2680a	0.0
e6216267890a579c231b26a85fd0dded	0.0
e6221788b812fab12b7d104112cd7060	0.0
e626808750a2064d8a4d5af1cabc5206	0.0
e640b8a052db36bc16df5e78319539e8	0.0
e64e198e16920cfc084eba7c6e5d672a	0.0
e658f8336ad9e8fe13725a9a14f214f1	0.0
e65b216a1d53ef67c8228fe179c71fbc	0.0
e67474566479e96d3d408e0d54bd7c25	0.0
e69a9036d856942fd2c94cce6f0e2e59	0.0
e704dabdc666e5fee19cbcf12f30c975	0.0
e7498d0ae27e8b0c0a76d2e9f99dc1b5	0.0
e75454c559ebf6ec67f6cca354cc29c3	0.0
e75b84423a8115a9b9e97ab97a3a5d7e	0.0
e7834919f5b0d8a5a3ae9b8b54b8d634	0.0
e7a91417709136ff25d5b12cb2d26200	0.0
e7c05b85431a3e38e26059ac378237e9	0.0
e7c6c55e8cd0d463ce36dd72ee37bafd	0.0
e7f47d0eb918eac2b0af7e7cddaadcc3	0.0
e7fcafdfee3f512ae4a8b1cdc288f868	0.0
e835dd3aa43ede7280c53733919c20b9	0.0
e83e5ba7fdef1e6abfb9d217285379d1	0.0
e8420ef5ab77ffd1921f2ff87181e036	0.0
e8448f7dfa7c64327431ea6fad001f2e	0.0
e844bd4963b1594e81ba749a3ebc18aa	0.0
e84cdcf3251826752f5039c7b45fdf10	0.0
e850516c0ff87622ec7091002ccf5771	0.0
e876f0e4cd9ca1a34071ff44b0387e22	0.0
e87de938d603198bb2d6d0aceeeddfd5	0.0
e88bf1cf87015bce957203616ef5dd3a	0.0
e8be7cf524956a94423756bc3ab6944f	0.0
e8e24608b3bebc6e9b7acab500a774b6	0.0
e8f59cfde3313b8494d9c3b00d3fb84c	0.0
e8ff70fb125509298a453f5dda18ef85	0.0
e9246abe1eea9fe1308b7edd874970ea	0.0
e931748033fcf93d483dd0a7394699b1	0.0
e93a249d9038de755b6f44d4661c398a	0.0
e9711f0446be65c69eda41fcefa51f0e	0.0
e97aeafad238ce9a99b94b573ff6ec10	0.0
e9b46d27af36184e21ced2f39dfe997c	0.0
e9b96ecea82e57e1e2b95b558de02586	0.0
e9c2efdc52b938ba27f9c231eb428325	0.0
e9c70bea6dd0ea45bc60808afa8fb7e4	0.0
e9c9024c1fb8bb2ab2966347ed428d1f	0.0
ea1728bfa613ef7d4edac6c132363e8c	0.0
ea199f02fa6ac71f7d5b5d49bd2da49e	0.0
ea43682a6c1ae8f53203b034988244ef	0.0
ea4ec5e7800abf8e03be1b2005bc06f2	0.0
ea5c24222aa6628bf08ba359d78fa74b	0.0
ea80bca90b384194c0a78ef2b0a009f8	0.0
eaadc505d7853f04e79f3685345b6e35	0.0
eab578cc5a1bfaa6ef3b733af00bd39a	0.0
eac5b3ee3952d9a3c7e4da8968fd56be	0.0
eaceaf61f4e795db05547cc4061f3560	0.0
eadf846c33cf6ec2725bb4946484a900	0.0
eb1e13612370651b7eebcd0133084643	0.0
eb29a493f695c1202c2a297358267518	0.0
eb514c92df6d2c46c36847dc3f341a84	0.0
eb6408d28a0a4371a8c519f75c2d202c	0.0
eb6720e9fd3e06d72c43c2bb2c4f46ee	0.0
eb686406d1d64acb92128fa5ba09ccdc	0.0
eb6d56180b8c0b126d7401028779149a	0.0
eb6f3419b81382228b96927870d6698f	0.0
eb9620e8dcb87126fe3353363fafb386	0.0
ebbe609127990416851e15a15c90e69b	0.0
ebd38db818f0297c28c9950b08ba0567	0.0
ec0f062a6e1c2bc13f522d05c43a6ce5	0.0
ec31f5b1c852b76b4e1ed133d33b810b	0.0
ec53270b7a3231b19cd11c7a193f8aa5	0.0
ec5cff05b362fd683565cd8f85179ad5	0.0
ec7c1629c61e89810c6c1d4bd546fcd4	0.0
eca487a5d9b22befbfe25d0115a0a35c	0.0
eccdac47c6d30ea0df4d7da803621346	0.0
ecd4d197a3330b7676870f96533d88b1	0.0
ed218190e100af75df5cc2b722a12e36	0.0
ed3996647978b95e5db5f4b26b53f9ac	0.0
ed6ab12f4933b89422d0e31f8bb1f8a4	0.0
ed7b05c4c1f07c8b6ed8ee8ee98f1567	0.0
eda0a17a80af098b943feb509b95fe95	0.0
eda22812a221bf12984d7f279a536924	0.0
ede003915f992229916ddc758a459552	0.0
ee1f4a528b0b7a8a8cf71ca3b13d3323	0.0
ee67abbcc274b47858bba2f5c67d52e8	0.0
eea15d5531bae24710c3243818be3715	0.0
eeb41c3eb551842230cc2e552d9610a4	0.0
ef29a6175e5507dda338de1189c7d1fb	0.0
ef2b8b24fff59448e6fca491b4c04b13	0.0
ef69838b76baa8636bc8b1a035b2f8bd	0.0
ef86a7fc00c59d9f503dd5af4073e300	0.0
ef9755f10cd1525f0004d82743a44a19	0.0
efabdce932b5079ebbc09d8fc44f6fc0	0.0
efb9f90a766fd82d9e7b23fdcb1ad7ef	0.0
efbb392486d4ae2562f477789a6b2352	0.0
efcc2b0737b5f236d3fb983aa84d162f	0.0
efd06c2752613280c8717a1e2d5f19b9	0.0
efd446692276e41494ae7c5bc39c0a7d	0.0
effe14ea8013b5b261757abd06ba7788	0.0
f000312f8a68f03972fdfbdb8250c5e3	0.0
f01846e05a305892722089532188ee99	0.0
f01e2a7989bd6eef7d5f0ccde7359d1b	0.0
f03663fe59c3174f8d4295fe126218c7	0.0
f038d4a06cb7eebbb0e3244ecf0e9c6b	0.0
f04a551bcf81238d4a82a053716aad12	0.0
f04ae897901abb35ab9955ee30ec99e9	0.0
f053e961819d92310eb753e2f44e93e7	0.0
f05d8f85eb661786a70ca137f1a2d765	0.0
f08af21beb366701134e661dc0dc6330	0.0
f08f8260b3c4a2fa634072f8e7046ba1	0.0
f0c997432cf7550a0592b6ca0fc4997e	0.0
f0e1128fa7d2889037a4c6bfe2e9fd83	0.0
f0e54e27ad4d4641e72e872abc86b2c5	0.0
f0e7a8586dd8905814bce67ba38440b8	0.0
f10a3176a3c1fc4f361bdd40be20d230	0.0
f11a27a55adb471cffbce3d055c1d7a5	0.0
f11b4ffed06ccf18cc2e49a7997a8d90	0.0
f12fe1636c99e5603d7c3ad1dbdea3a8	0.0
f136fb81e8b6b057941442ef61909569	0.0
f175a7eab6aa9267cddad8714e5da04b	0.0
f18e6e694d32a7247dcbdc88afeb0f83	0.0
f1a8c3bf133e351663f56f4178281c1b	0.0
f1cedef5e5d6a236539d80dc95446886	0.0
f1d3f8a4d92949366cc9acec5a7abe7d	0.0
f1e4dc175cb1970f6eb7f3b6f6cbc62c	0.0
f1f15e3ae260f3c33d1243bac144b9b0	0.0
f20049025114fdc4c79f3cc4c969319f	0.0
f272ce9d1833024dfba72eca4723b791	0.0
f2823f1952d9bbb0a90650c3cb539348	0.0
f28db6526234cd5710b8f8270b6f7aff	0.0
f2aa06da77e1924f91493c470ad1c7a3	0.0
f2b77fb1e18127db7b49fe704e13904f	0.0
f2d4b2b02271efeac49dfd84d7205276	0.0
f2d9dd2191f397f45f427b45ce527fe7	0.0
f2edeeceb5332901ad1aafb0ddb9c2eb	0.0
f2f189b3a45cec92e2c31eb70de328b1	0.0
f2fb0103ac19e85e454e0395337dd554	0.0
f2ff0266938eba36cabe87d7b0eab97d	0.0
f31c5a72f59b45e00e67dfd9d7ac568c	0.0
f32f49d955f586a4b3877db036c1607e	0.0
f331e79fff5c86e93b9ec274d8609550	0.0
f33cc59ce851464f0d5137bb34fb2e1d	0.0
f34af18796ed406bf8db3b2ad20428cb	0.0
f34f7ee010ad075e7b9593e61f8351cd	0.0
f372c9bb13f56ef814a30e9972d6ba45	0.0
f3854209d6a1f437a4ebc93824e54e49	0.0
f389a7eb5d2efb2d7e069c10c83c31d0	0.0
f3a436bc9d7b0e0e7fa04b9a053a765e	0.0
f3c588ed5d43c19b36904173f9cfbc20	0.0
f4062d76dbe9610a52751aeaa8d13ed7	0.0
f40e39082cf3f5eefca9dc42dbbf2ca6	0.0
f40f7d2ab6d4cee816a77120f5ff8637	0.0
f422261fc3e70befdc36ff2d818c1ede	0.0
f459a9fe47239d7622a4813c1ba77adc	0.0
f45e1520342e9df2ed966fdf3d28f6a9	0.0
f474197e72663fb647c818cc12b6cec7	0.0
f4a93a8ad10cc96688c6d22606ffcc70	0.0
f4e0eb2c90f34dc7a1ef1ab9f672047b	0.0
f54eedfafb0b6e690a027cb9685425c3	0.0
f5782b1eee76608596b0ec2fb45ff68f	0.0
f578eaaf8541e81c181620cb9a3fb260	0.0
f57f13551bfa4e7473c1a4ec763f80bc	0.0
f584c3a802b0bd0a53aeef29f0417ad6	0.0
f5985e4712ce1876154a50fb5e80807a	0.0
f5c2f8a75a24d792c664bf7598004dd7	0.0
f5c4d558ab0d373c9206000129a89fa8	0.0
f5cea51011e828607299ab5a46e623a2	0.0
f5e2e36d3ef71821a9542e61cc982cee	0.0
f6095e194129efac7a42bbd0b2a57fc6	0.0
f625352f264be67905c511e85125b713	0.0
f63f41ac11c6aa75d62a62b376e6d380	0.0
f6d66caea6dfd6933294460c1d8bc012	0.0
f6ed7d847096f480f872d4771e0d464b	0.0
f6eefbd4246e8ca08bdaceb0ed40dbd9	0.0
f6f8ab85684137218d59d3696a38ac65	0.0
f6fa5a0b7ca76f7f9ade8b56fa25ae6f	0.0
f6fb36c08d7cb48f8d985b35c30aaa79	0.0
f7184013ddee29a76f29d312e3bcd0ce	0.0
f72e20a66502560d6293dc16df62c942	0.0
f738af831cf4af84106f1aff03980026	0.0
f78422294b510765f5f477f7221dca90	0.0
f7a7e8032da99dbb497ac155151122e8	0.0
f7afeb3a987b104853b8f9e86863f8f4	0.0
f7bae2a0cffd3ddd5d6e5ffda3b99265	0.0
f7dd30f99ef0488822dfeb6a2373f64e	0.0
f7eece0d9fc0967f60f24a3da4d9fda1	0.0
f805af3a5ee14800bdde0e6e49d53444	0.0
f80fe6f96f3914c546e30a86358622d6	0.0
f81d616b875ba6ed931c3d108ec64ff6	0.0
f8229987751b7fbee8b9d1c08b0861bf	0.0
f8265ef13e8395a6a9730da9c23993cc	0.0
f8388d54838e36c200796d12b4c44f07	0.0
f839ae14d121e6cefdc50c6d43c1a8e9	0.0
f83c8356aa24a6563e524dd44c9527ea	0.0
f874e2d945cc0020def8123fe98cf5a6	0.0
f89f318ecf78db25544ddbc67f196cac	0.0
f8ac325c011934c38ec9c7262e03ef9f	0.0
f8e7b80e390a160fc0064770ec37256b	0.0
f902aeeb26dbe04b132399ddfbbd1f6b	0.0
f913e2f3362de2082ab1f3824d5e817b	0.0
f927a611cf21dfc7ebcde9c4d5199f1c	0.0
f9543f857823bb1156d8e512dfbab57e	0.0
f985e3720ac4dc8e381240a1d74fedf4	0.0
f9909f1b60c94bcb740770b30ad7d323	0.0
f99bdc72df19159ad583cc2f89dec1cc	0.0
f99e67e6df235cff0291f65a9ff103e4	0.0
f9d56a3191143514f6cb7e749bd9e1f3	0.0
f9dc46e80dbf7894117f36ec978e8e02	0.0
f9dca667764312d40630efb5d2b4bb22	0.0
f9dff5695ba44f74a1140adfc7d7c5d1	0.0
f9f719033bb5e7954815322ca19f7861	0.0
fa4bc5dbcac3a9b4fd62502db19d8b78	0.0
fa7db7b0d4f72bccc5ac9fcdb9d20633	0.0
faa2063abd64718f3f1471d0c704d821	0.0
fab6a8aeae9eaedb784876685d7b499a	0.0
fabfe3a2012bb3c4785b76441f4dbd2e	0.0
fafe0eb5c74a06ea7942c4ab657dc94a	0.0
fb1005279177f9d20a98685a24376cde	0.0
fb148cf70955fd1cd5f841892234fba2	0.0
fb26960a0227327263b908baad904215	0.0
fb2ef2af13693df67e7e3b625f2c0a39	0.0
fb6853dfb1a3ee6775bbe064086d815d	0.0
fb79e278348bf7816a4bd84131275c70	0.0
fb8b20b59479c87d66070fb6a3b64d26	0.0
fb988f8cedfde4aecde9a38e4d43fb2b	0.0
fb9f5bdf64ca16816c5f0a31089553c7	0.0
fba6282c0cc88a059959d636fcf2189b	0.0
fbb6445a54c78360c724b8e6bf73f580	0.0
fc08f2e44ce4230ab387e3b87dbb12af	0.0
fc0d7192fa470f4f7993bf657263dbb5	0.0
fc0e2faeafc6e63d40e8432cda68896f	0.0
fc5511452b5d2f338416358753ec22f6	0.0
fc660048f18f494ce3a088143d069581	0.0
fc67984aa6a96e058c56239cba9af3b9	0.0
fd02f21bf73d502ae8ad11c4e9ef5729	0.0
fd0dd144f46c163c978c119285119033	0.0
fd166af0d2c9cdaa42728f2ce4bae172	0.0
fd24aac02e945748fda018448da98f52	0.0
fd3858e1f997b8272bf57c50eade37a7	0.0
fd60c87523e479723cd650098deb70b3	0.0
fd79b0b12248319b41c8d25141f423a3	0.0
fd9bcdb3bb2e70faff97ec99b0df553a	0.0
fdb0dda54cfca40565b413fda9a8acee	0.0
fdb867d737c5f9b9b771ab95c866e52e	0.0
fdea0ae74115027d5a7b911adb009fa7	0.0
fdfa6a21abcdd458cf8556ec61256839	0.0
fe4b6f4ad35fc2506ca48a4fb3480601	0.0
fe5dd030b40789ca581cc54528c09748	0.0
fe64f0ec00b27c85cd9bea586fa17ef8	0.0
fe9c6347c144f9aa4776ad34bb3dbcae	0.0
fea767e1232f2234cb13e3db4e193f5e	0.0
fea9b2d77b20c78203f8509cfea8a482	0.0
feaa27517ca05334bd08b98962a87a2d	0.0
feb8d40ab0f1b70b309a6da9f1e578ee	0.0
feb97c011a4adabce78576b5ccf5a085	0.0
fed1cb8f7c3d0a99c5c19727da48aac4	0.0
ff1e4f4ef0094dbe209bee61caf903a4	0.0
ff30a53e903b1ec9d536f8226c09fa7c	0.0
ff4131ac0788ca299d6c615c36b151a0	0.0
ff558a6b8bfedf3c1b2618218db69d38	0.0
ff5fd4698f53193df78d866539f90359	0.0
ff73f0306fdc4ef965f8d096c7c78863	0.0
ff92799c2f6472be01883f8efa0d412c	0.0
ff9f82a394e55584fdec2be70b4258c1	0.0
ffd5564d958703988b574f35d555cbe0	0.0
ffddcba31546f804fb00d8ffad4faf2a	0.0
ffe32485155b9c2182abdc766c7cb989	0.0
fff51c6b13dac7b6b8772ffda15decb9	0.0
